text,label
BAFS รายได้การบินพุ่ง ดันงวด 9 เดือนพลิกกำไร 60 ล้านบาท,<SYMBOL> BAFS <ASPECT> รายได้ <OPINION> พุ่ง <POS>
BAFS รายได้การบินพุ่ง ดันงวด 9 เดือนพลิกกำไร 60 ล้านบาท,<SYMBOL> BAFS <ASPECT> งวด <OPINION> ดัน <POS>
BAFS รายได้การบินพุ่ง ดันงวด 9 เดือนพลิกกำไร 60 ล้านบาท,<SYMBOL> BAFS <ASPECT> พลิก <OPINION> กำไร <POS>
NOBLE เล็งเปิดตัว 2 โครงการท้ายปี มูลค่า 3.10 พันล้าน! หลังงบ 9 เดือนกำไรทะลัก 517%,<SYMBOL> NOBLE <ASPECT> กำไร <OPINION> ทะลัก <POS>
สรุปกระดานรายใหญ่เช้านี้ BGRIM มูลค่าสูงสุด 9 ล้านบาท,<SYMBOL> BGRIM <ASPECT> มูลค่า <OPINION> สูงสุด <NEU>
สรุป SET100 เช้านี้ KCE บวกสูงสุด 3%,<SYMBOL> KCE <OPINION> บวกสูงสุด <POS>
AS โชว์งบ Q3 โกยรายได้ 423 ลบ. ดันกำไรโต 22% แตะ 82 ล้าน แย้ม Q4 เด่นต่อ,<SYMBOL> AS <ASPECT> งบ <OPINION> โชว์ <POS>
AS โชว์งบ Q3 โกยรายได้ 423 ลบ. ดันกำไรโต 22% แตะ 82 ล้าน แย้ม Q4 เด่นต่อ,<SYMBOL> AS <ASPECT> รายได้ <OPINION> โกย <POS>
AS โชว์งบ Q3 โกยรายได้ 423 ลบ. ดันกำไรโต 22% แตะ 82 ล้าน แย้ม Q4 เด่นต่อ,<SYMBOL> AS <ASPECT> กำไร <OPINION> ดัน <POS>
AS โชว์งบ Q3 โกยรายได้ 423 ลบ. ดันกำไรโต 22% แตะ 82 ล้าน แย้ม Q4 เด่นต่อ,<SYMBOL> AS <ASPECT> กำไร <OPINION> โต <POS>
AS โชว์งบ Q3 โกยรายได้ 423 ลบ. ดันกำไรโต 22% แตะ 82 ล้าน แย้ม Q4 เด่นต่อ,<SYMBOL> AS <ASPECT> Q4 <OPINION> เด่นต่อ <POS>
"VGI โชว์รายได้ Q2 ทะลุพันล้าน มั่นใจปี 67 แตะ 5,500 ลบ.",<SYMBOL> VGI <ASPECT> รายได้ <OPINION> โชว์ <POS>
"VGI โชว์รายได้ Q2 ทะลุพันล้าน มั่นใจปี 67 แตะ 5,500 ลบ.",<SYMBOL> VGI <ASPECT> รายได้ <OPINION> ทะลุ <POS>
"VGI โชว์รายได้ Q2 ทะลุพันล้าน มั่นใจปี 67 แตะ 5,500 ลบ.",<SYMBOL> VGI <ASPECT> รายได้ <OPINION> มั่นใจ <POS>
COM7 ร่วง 13% เซ่นกำไร Q3 หดตัวแตะ 611 ล้านบาท หลังค่าใช้จ่ายพุ่ง,<SYMBOL> COM7 <OPINION> ร่วง <NEG>
COM7 ร่วง 13% เซ่นกำไร Q3 หดตัวแตะ 611 ล้านบาท หลังค่าใช้จ่ายพุ่ง,<SYMBOL> COM7 <ASPECT> กำไร <OPINION> หดตัว <NEG>
COM7 ร่วง 13% เซ่นกำไร Q3 หดตัวแตะ 611 ล้านบาท หลังค่าใช้จ่ายพุ่ง,<SYMBOL> COM7 <ASPECT> ค่าใช้จ่าย <OPINION> พุ่ง <NEG>
AGE โชว์กำไร Q3 แตะ 113 ล้าน เน้นคุมต้นทุน-รุกขยายธุรกิจโลจิสติกส์,<SYMBOL> AGE <ASPECT> กำไร <OPINION> โชว์ <POS>
AGE โชว์กำไร Q3 แตะ 113 ล้าน เน้นคุมต้นทุน-รุกขยายธุรกิจโลจิสติกส์,<SYMBOL> AGE <ASPECT> ต้นทุน <OPINION> คุม <POS>
AGE โชว์กำไร Q3 แตะ 113 ล้าน เน้นคุมต้นทุน-รุกขยายธุรกิจโลจิสติกส์,<SYMBOL> AGE <ASPECT> ธุรกิจ <OPINION> รุกขยาย <POS>
CH โกยรายได้ Q3 แตะ 516 ล้าน ส่งซิกโค้งท้ายปี ลุยขยายตลาดในประเทศ รับนโยบายฟรีวีซ่า,<SYMBOL> CH <ASPECT> รายได้ <OPINION> โกย <POS>
TNL รายได้พุ่ง! ดันกำไร Q3 โตทะลัก 6 เท่าตัว แตะ 271 ล้าน,<SYMBOL> TNL <ASPECT> รายได้ <OPINION> พุ่ง <POS>
TNL รายได้พุ่ง! ดันกำไร Q3 โตทะลัก 6 เท่าตัว แตะ 271 ล้าน,<SYMBOL> TNL <ASPECT> กำไร <OPINION> ดัน <POS>
TNL รายได้พุ่ง! ดันกำไร Q3 โตทะลัก 6 เท่าตัว แตะ 271 ล้าน,<SYMBOL> TNL <ASPECT> กำไร <OPINION> โตทะลัก <POS>
BGRIM ไตรมาส 3 พลิกกำไร 344 ล้าน ลุยขยาย “พลังงานทดแทน” เต็มสูบ,<SYMBOL> BGRIM <ASPECT> พลิก <OPINION> กำไร <POS>
EPG โกยยอดขาย Q2 ทะลุ 3.3 พันลบ. ดันกำไรแตะ 434 ล้าน,<SYMBOL> EPG <ASPECT> ยอดขาย <OPINION> โกย <POS>
EPG โกยยอดขาย Q2 ทะลุ 3.3 พันลบ. ดันกำไรแตะ 434 ล้าน,<SYMBOL> EPG <ASPECT> ยอดขาย <OPINION> ทะลุ <POS>
EPG โกยยอดขาย Q2 ทะลุ 3.3 พันลบ. ดันกำไรแตะ 434 ล้าน,<SYMBOL> EPG <ASPECT> กำไร <OPINION> ดัน <POS>
MENA บวก 4% โบรกแนะ “ซื้อ” เป้า 2.50 บ. ลุ้น Q4 โตต่อ รับขยายกองรถ-บริการขนส่งพุ่ง,<SYMBOL> MENA <ASPECT> โบรกแนะ <OPINION> ซื้อ <POS>
MENA บวก 4% โบรกแนะ “ซื้อ” เป้า 2.50 บ. ลุ้น Q4 โตต่อ รับขยายกองรถ-บริการขนส่งพุ่ง,<SYMBOL> MENA <ASPECT> Q4 <OPINION> โตต่อ <POS>
MENA บวก 4% โบรกแนะ “ซื้อ” เป้า 2.50 บ. ลุ้น Q4 โตต่อ รับขยายกองรถ-บริการขนส่งพุ่ง,<SYMBOL> MENA <ASPECT> กองรถ <OPINION> ขยาย <POS>
MENA บวก 4% โบรกแนะ “ซื้อ” เป้า 2.50 บ. ลุ้น Q4 โตต่อ รับขยายกองรถ-บริการขนส่งพุ่ง,<SYMBOL> MENA <ASPECT> บริการขนส่ง <OPINION> พุ่ง <POS>
BEAUTY ส่งซิกไตรมาส 4 ไฮซีซั่น ลุยแคมเปญครบรอบ 16 ปี กระตุ้นยอดขาย,<SYMBOL> BEAUTY <ASPECT> แคมเปญ <OPINION> ลุย <POS>
BEAUTY ส่งซิกไตรมาส 4 ไฮซีซั่น ลุยแคมเปญครบรอบ 16 ปี กระตุ้นยอดขาย,<SYMBOL> BEAUTY <ASPECT> ยอดขาย <OPINION> กระตุ้น <POS>
TEGH กวาดรายได้ 9 เดือนทะลุ 9 พันล้าน กำไรแตะ 146 ล้าน ส่งซิก Q4 เด่นต่อ,<SYMBOL> TEGH <ASPECT> รายได้ <OPINION> ทะลุ <POS>
TEGH กวาดรายได้ 9 เดือนทะลุ 9 พันล้าน กำไรแตะ 146 ล้าน ส่งซิก Q4 เด่นต่อ,<SYMBOL> TEGH <ASPECT> กำไร <OPINION> แตะ <POS>
TEGH กวาดรายได้ 9 เดือนทะลุ 9 พันล้าน กำไรแตะ 146 ล้าน ส่งซิก Q4 เด่นต่อ,<SYMBOL> TEGH <ASPECT> Q4 <OPINION> เด่นต่อ <POS>
“กลุ่ม JMART” ลุ้นดีดกลับ! หลังงบ Q3 ฟื้นเด่น มั่นใจไตรมาส 4 โตต่อ,<SYMBOL> JMART <OPINION> ดีดกลับ <POS>
“กลุ่ม JMART” ลุ้นดีดกลับ! หลังงบ Q3 ฟื้นเด่น มั่นใจไตรมาส 4 โตต่อ,<SYMBOL> JMART <ASPECT> Q3 <OPINION> ฟื้นเด่น <POS>
“กลุ่ม JMART” ลุ้นดีดกลับ! หลังงบ Q3 ฟื้นเด่น มั่นใจไตรมาส 4 โตต่อ,<SYMBOL> JMART <ASPECT> ไตรมาส 4 <OPINION> โตต่อ <POS>
THAI พ้นแผนฟื้นฟู Q2/68 จ่อแปลงหนี้-เพิ่มทุน 8 หมื่นล้าน ปี 67,<SYMBOL> THAI <ASPECT> แผนฟื้นฟู <OPINION> พ้น <POS>
THAI พ้นแผนฟื้นฟู Q2/68 จ่อแปลงหนี้-เพิ่มทุน 8 หมื่นล้าน ปี 67,<SYMBOL> THAI <ASPECT> แปลงหนี้ <OPINION> จ่อ <POS>
THAI พ้นแผนฟื้นฟู Q2/68 จ่อแปลงหนี้-เพิ่มทุน 8 หมื่นล้าน ปี 67,<SYMBOL> THAI <ASPECT> ทุน <OPINION> เพิ่ม <POS>
SET สัปดาห์นี้ “ฟื้นตัว” จับตาเงินเฟ้อสหรัฐ ฟันด์โฟลว์-งบ Q3 ชู CRC-CPALL-GULF เด่น,<SYMBOL> CRC <ASPECT> งบ <OPINION> เด่น <POS>
SET สัปดาห์นี้ “ฟื้นตัว” จับตาเงินเฟ้อสหรัฐ ฟันด์โฟลว์-งบ Q3 ชู CRC-CPALL-GULF เด่น,<SYMBOL> CPALL <ASPECT> งบ <OPINION> เด่น <POS>
SET สัปดาห์นี้ “ฟื้นตัว” จับตาเงินเฟ้อสหรัฐ ฟันด์โฟลว์-งบ Q3 ชู CRC-CPALL-GULF เด่น,<SYMBOL> GULF <ASPECT> งบ <OPINION> เด่น <POS>
SUN แย้ม Q4 แจ่ม เร่งอัพกำลังผลิต รองรับดีมานด์ กางแผนปี 67 บุกตลาด “ยุโรป-สหรัฐ”,<SYMBOL> SUN <ASPECT> Q4 <OPINION> แจ่ม <POS>
III แย้ม Q4 โตต่อ! รับไฮซีซั่น ลุยส่ง “ANI” ลงสนามเทรด SET สิ้นปีนี้,<SYMBOL> III <ASPECT> Q4 <OPINION> โตต่อ <POS>
MAJOR กำไรไตรมาส 3 โตทะลัก 4 เท่าตัว รับรายได้โฆษณา-ธุรกิจโบลิ่ง-คาราโอเกะ,<SYMBOL> MAJOR <ASPECT> กำไร <OPINION> โตทะลัก <POS>
MAJOR กำไรไตรมาส 3 โตทะลัก 4 เท่าตัว รับรายได้โฆษณา-ธุรกิจโบลิ่ง-คาราโอเกะ,<SYMBOL> MAJOR <ASPECT> รายได้ <OPINION> รับ <POS>
BBIK โชว์กำไร Q3 โตเท่าตัว ดัน 9 เดือนทะลุ 200 ล้าน,<SYMBOL> BBIK <ASPECT> กำไร <OPINION> โชว์ <POS>
BBIK โชว์กำไร Q3 โตเท่าตัว ดัน 9 เดือนทะลุ 200 ล้าน,<SYMBOL> BBIK <ASPECT> Q3 <OPINION> โตเท่าตัว <POS>
EA กวาดกำไร 9 เดือนโต 19% รับรายได้ธุรกิจ “อีวี-แบตฯ” หนุน,<SYMBOL> EA <ASPECT> กำไร <OPINION> กวาด <POS>
EA กวาดกำไร 9 เดือนโต 19% รับรายได้ธุรกิจ “อีวี-แบตฯ” หนุน,<SYMBOL> EA <ASPECT> รายได้ <OPINION> รับ <POS>
EA กวาดกำไร 9 เดือนโต 19% รับรายได้ธุรกิจ “อีวี-แบตฯ” หนุน,<SYMBOL> EA <ASPECT> ธุรกิจ <OPINION> หนุน <POS>
COM7 กำไรไตรมาส 3 ลด 16% เซ่นต้นทุนค่าใช้จ่ายเพิ่ม-ขาดทุนด้อยค่าสินค้า,<SYMBOL> COM7 <ASPECT> กำไร <OPINION> ลด <NEG>
COM7 กำไรไตรมาส 3 ลด 16% เซ่นต้นทุนค่าใช้จ่ายเพิ่ม-ขาดทุนด้อยค่าสินค้า,<SYMBOL> COM7 <ASPECT> ต้นทุนค่าใช้จ่าย <OPINION> เพิ่ม <NEG>
COM7 กำไรไตรมาส 3 ลด 16% เซ่นต้นทุนค่าใช้จ่ายเพิ่ม-ขาดทุนด้อยค่าสินค้า,<SYMBOL> COM7 <ASPECT> ด้อยค่าสินค้า <OPINION> ขาดทุน <NEG>
MGC เซ็น MOU กลุ่มปตท. รุกธุรกิจรถ EV ครบวงจร! โชว์รายได้ 9 เดือนทะลุ 1.8 หมื่นล้าน,<SYMBOL> MGC <ASPECT> รายได้ <OPINION> โชว์ <POS>
MGC เซ็น MOU กลุ่มปตท. รุกธุรกิจรถ EV ครบวงจร! โชว์รายได้ 9 เดือนทะลุ 1.8 หมื่นล้าน,<SYMBOL> MGC <ASPECT> รายได้ <OPINION> ทะลุ <POS>
D กวาดรายได้ 9 เดือน 715 ล้านบาท ดันกำไรพุ่ง 57% เดินหน้าขยายฐานลูกค้าต่างชาติ-ไทย,<SYMBOL> D <ASPECT> รายได้ <OPINION> กวาด <POS>
D กวาดรายได้ 9 เดือน 715 ล้านบาท ดันกำไรพุ่ง 57% เดินหน้าขยายฐานลูกค้าต่างชาติ-ไทย,<SYMBOL> D <ASPECT> กำไร <OPINION> พุ่ง <POS>
D กวาดรายได้ 9 เดือน 715 ล้านบาท ดันกำไรพุ่ง 57% เดินหน้าขยายฐานลูกค้าต่างชาติ-ไทย,<SYMBOL> D <ASPECT> ขยายฐานลูกค้า <OPINION> เดินหน้า <POS>
SICT โชว์กำไร Q3 โต 49% แตะ 24 ล้าน มั่นใจรายปีนี้เข้าเป้า 15%,<SYMBOL> SICT <ASPECT> กำไร <OPINION> โชว์ <POS>
SICT โชว์กำไร Q3 โต 49% แตะ 24 ล้าน มั่นใจรายปีนี้เข้าเป้า 15%,<SYMBOL> SICT <ASPECT> กำไร <OPINION> โต <POS>
SICT โชว์กำไร Q3 โต 49% แตะ 24 ล้าน มั่นใจรายปีนี้เข้าเป้า 15%,<SYMBOL> SICT <ASPECT> รายปีนี้ <OPINION> มั่นใจ <POS>
SICT โชว์กำไร Q3 โต 49% แตะ 24 ล้าน มั่นใจรายปีนี้เข้าเป้า 15%,<SYMBOL> SICT <ASPECT> รายปีนี้ <OPINION> เข้าเป้า <POS>
KUN ไฟเขียวจ่ายปัน 0.035 บาท จ่อขึ้น XD 23 พ.ย. นี้,<SYMBOL> KUN <ASPECT> จ่ายปัน <OPINION> ไฟเขียว <POS>
ADD โกยรายได้ 9 เดือนทะลุ 200 ล้าน ลุ้น Q4 โตดี,<SYMBOL> ADD <ASPECT> รายได้ <OPINION> โกย <POS>
ADD โกยรายได้ 9 เดือนทะลุ 200 ล้าน ลุ้น Q4 โตดี,<SYMBOL> ADD <ASPECT> รายได้ <OPINION> ทะลุ <POS>
ADD โกยรายได้ 9 เดือนทะลุ 200 ล้าน ลุ้น Q4 โตดี,<SYMBOL> ADD <ASPECT> Q4 <OPINION> โตดี <POS>
พ้นจุดต่ำสุด! JMART โชว์งบ Q3 เทิร์นอะราวด์ มั่นใจธุรกิจฟื้น ดันปี 67 ออลไทม์ไฮ,<SYMBOL> JMART <ASPECT> จุดต่ำสุด <OPINION> พ้น <POS>
พ้นจุดต่ำสุด! JMART โชว์งบ Q3 เทิร์นอะราวด์ มั่นใจธุรกิจฟื้น ดันปี 67 ออลไทม์ไฮ,<SYMBOL> JMART <ASPECT> งบเทิร์นอะราวด์ <OPINION> โชว์ <POS>
พ้นจุดต่ำสุด! JMART โชว์งบ Q3 เทิร์นอะราวด์ มั่นใจธุรกิจฟื้น ดันปี 67 ออลไทม์ไฮ,<SYMBOL> JMART <ASPECT> ธุรกิจ <OPINION> มั่นใจ <POS>
พ้นจุดต่ำสุด! JMART โชว์งบ Q3 เทิร์นอะราวด์ มั่นใจธุรกิจฟื้น ดันปี 67 ออลไทม์ไฮ,<SYMBOL> JMART <ASPECT> ธุรกิจ <OPINION> ฟื้น <POS>
พ้นจุดต่ำสุด! JMART โชว์งบ Q3 เทิร์นอะราวด์ มั่นใจธุรกิจฟื้น ดันปี 67 ออลไทม์ไฮ,<SYMBOL> JMART <ASPECT> ธุรกิจ <OPINION> ออลไทม์ไฮ <POS>
ORI ปลื้ม! กวาดยอดขายงานมหกรรม “บ้าน-คอนโด” 520 ล้าน กระแสตอบรับเยี่ยม,<SYMBOL> ORI <ASPECT> ยอดขาย <OPINION> กวาด <POS>
ORI ปลื้ม! กวาดยอดขายงานมหกรรม “บ้าน-คอนโด” 520 ล้าน กระแสตอบรับเยี่ยม,<SYMBOL> ORI <ASPECT> กระแสตอบรับ <OPINION> เยี่ยม <POS>
สรุปกระดานรายใหญ่วันนี้ GPSC มูลค่าสูงสุด 88 ล้านบาท,<SYMBOL> GPSC <ASPECT> มูลค่า <OPINION> สูงสุด <NEU>
สรุป SET100 วันนี้ STA บวกสูงสุด 5%,<SYMBOL> STA <OPINION> บวกสูงสุด <POS>
SAK โชว์กำไร 9 เดือนแตะ 542 ล้าน เดินหน้าสินเชื่อ “โซลาร์ปั๊ม” เพื่อการเกษตรกร,<SYMBOL> SAK <ASPECT> กำไร <OPINION> โชว์ <POS>
SAK โชว์กำไร 9 เดือนแตะ 542 ล้าน เดินหน้าสินเชื่อ “โซลาร์ปั๊ม” เพื่อการเกษตรกร,<SYMBOL> SAK <ASPECT> กำไร <OPINION> แตะ <POS>
ALLA โกยกำไร 9 เดือนโตเท่าตัว มั่นใจผลงานปีนี้โตเข้าเป้า 10%,<SYMBOL> ALLA <ASPECT> กำไร <OPINION> โกย <POS>
ALLA โกยกำไร 9 เดือนโตเท่าตัว มั่นใจผลงานปีนี้โตเข้าเป้า 10%,<SYMBOL> ALLA <ASPECT> กำไร <OPINION> โตเท่าตัว <POS>
ALLA โกยกำไร 9 เดือนโตเท่าตัว มั่นใจผลงานปีนี้โตเข้าเป้า 10%,<SYMBOL> ALLA <ASPECT> ผลงาน <OPINION> โตเข้าเป้า <POS>
PRINC โชว์รายได้ไตรมาส 3 ทะลุ 1.6 พันล้าน กางแผนปี 67 ขยายรพ. – ศูนย์เฉพาะทาง 20 แห่ง,<SYMBOL> PRINC <ASPECT> รายได้ <OPINION> โชว์ <POS>
PRINC โชว์รายได้ไตรมาส 3 ทะลุ 1.6 พันล้าน กางแผนปี 67 ขยายรพ. – ศูนย์เฉพาะทาง 20 แห่ง,<SYMBOL> PRINC <ASPECT> รายได้ <OPINION> ทะลุ <POS>
PROEN ส่งซิก Q4 สดใส! รับดีมานด์ธุรกิจ ICT – ลุยลงทุน “ศูนย์ข้อมูล IDC”,<SYMBOL> PROEN <ASPECT> Q4 <OPINION> สดใส <POS>
TQR โชว์กำไร 9 เดือนแตะ 71 ล้าน ประกันภัยต่อไซเบอร์-อีวีพุ่ง,<SYMBOL> TQR <ASPECT> กำไร <OPINION> โชว์ <POS>
TQR โชว์กำไร 9 เดือนแตะ 71 ล้าน ประกันภัยต่อไซเบอร์-อีวีพุ่ง,<SYMBOL> TQR <ASPECT> ประกันภัยต่อไซเบอร์ <OPINION> แตะ <POS>
TQR โชว์กำไร 9 เดือนแตะ 71 ล้าน ประกันภัยต่อไซเบอร์-อีวีพุ่ง,<SYMBOL> TQR <ASPECT> อีวี <OPINION> พุ่ง <POS>
BGC ปลื้ม! ติดโผหุ้นยั่งยืน ESG Ratings ระดับ “AA”,<SYMBOL> BGC <ASPECT> ติดโผ <OPINION> ปลื้ม <POS>
YGG โชว์รายได้ Q3 แตะ 94 ล้าน อานิสงส์งานกราฟิก-ลิขสิทธิ์เกมหนุน,<SYMBOL> YGG <ASPECT> รายได้ <OPINION> โชว์ <POS>
YGG โชว์รายได้ Q3 แตะ 94 ล้าน อานิสงส์งานกราฟิก-ลิขสิทธิ์เกมหนุน,<SYMBOL> YGG <ASPECT> อานิสงส์ <OPINION> หนุน <POS>
JMT ปิดเช้าร่วง 14% ผิดหวัง Q3 เก็บหนี้ต่ำคาด! หวั่นโบรกหั่นกำไร Q4,<SYMBOL> JMT <ASPECT> ปิดเช้า <OPINION> ร่วง <NEG>
JMT ปิดเช้าร่วง 14% ผิดหวัง Q3 เก็บหนี้ต่ำคาด! หวั่นโบรกหั่นกำไร Q4,<SYMBOL> JMT <ASPECT> เก็บหนี้ <OPINION> ผิดหวัง <NEG>
JMT ปิดเช้าร่วง 14% ผิดหวัง Q3 เก็บหนี้ต่ำคาด! หวั่นโบรกหั่นกำไร Q4,<SYMBOL> JMT <ASPECT> เก็บหนี้ <OPINION> ต่ำคาด <NEG>
JMT ปิดเช้าร่วง 14% ผิดหวัง Q3 เก็บหนี้ต่ำคาด! หวั่นโบรกหั่นกำไร Q4,<SYMBOL> JMT <ASPECT> หั่นกำไร <OPINION> หวั่น <NEG>
สรุปกระดานรายใหญ่เช้านี้ ADVANC มูลค่าสูงสุด 9 ล้านบาท,<SYMBOL> ADVANC <ASPECT> มูลค่า <OPINION> สูงสุด <NEU>
สรุป SET100 เช้านี้ BCP บวกสูงสุด 4%,<SYMBOL> BCP <OPINION> บวกสูงสุด <POS>
QTC ไตรมาส 3 พลิกกำไร 36 ลบ. ลุ้นท้ายปีกวาดงานใหม่ 490 ล้าน,<SYMBOL> QTC <ASPECT> พลิก <OPINION> กำไร <POS>
QTC ไตรมาส 3 พลิกกำไร 36 ลบ. ลุ้นท้ายปีกวาดงานใหม่ 490 ล้าน,<SYMBOL> QTC <ASPECT> งานใหม่ <OPINION> กวาด <POS>
TSE รายได้ขาย-บริการทะลัก! ดันกำไร 9 เดือน ทะลุ 500 ล้าน,<SYMBOL> TSE <ASPECT> รายได้ขาย-บริการ <OPINION> ทะลัก <POS>
TSE รายได้ขาย-บริการทะลัก! ดันกำไร 9 เดือน ทะลุ 500 ล้าน,<SYMBOL> TSE <ASPECT> กำไร <OPINION> ดัน <POS>
MACO โชว์รายได้ Q2 โต 6% ดันกำไรแตะ 56 ล้านบาท,<SYMBOL> MACO <ASPECT> รายได้ <OPINION> โชว์ <POS>
MACO โชว์รายได้ Q2 โต 6% ดันกำไรแตะ 56 ล้านบาท,<SYMBOL> MACO <ASPECT> Q2 <OPINION> โต <POS>
MACO โชว์รายได้ Q2 โต 6% ดันกำไรแตะ 56 ล้านบาท,<SYMBOL> MACO <ASPECT> กำไร <OPINION> ดัน <POS>
WHA ร่วง 5% หวั่นผลงานหดตัวต่อ หลังไตรมาส 3 กำไรต่ำคาด,<SYMBOL> WHA <OPINION> ร่วง <NEG>
WHA ร่วง 5% หวั่นผลงานหดตัวต่อ หลังไตรมาส 3 กำไรต่ำคาด,<SYMBOL> WHA <ASPECT> ผลงาน <OPINION> หวั่น <NEG>
WHA ร่วง 5% หวั่นผลงานหดตัวต่อ หลังไตรมาส 3 กำไรต่ำคาด,<SYMBOL> WHA <ASPECT> ผลงาน <OPINION> หดตัว <NEG>
WHA ร่วง 5% หวั่นผลงานหดตัวต่อ หลังไตรมาส 3 กำไรต่ำคาด,<SYMBOL> WHA <ASPECT> กำไร <OPINION> ต่ำคาด <NEG>
SAMART โกยรายได้ 9 เดือนทะลุ 7 พันล้าน ตุนแบ็กล็อกแน่นหมื่นล้าน มั่นใจดันธุรกิจโตแกร่ง,<SYMBOL> SAMART <ASPECT> รายได้ <OPINION> โกย <POS>
SAMART โกยรายได้ 9 เดือนทะลุ 7 พันล้าน ตุนแบ็กล็อกแน่นหมื่นล้าน มั่นใจดันธุรกิจโตแกร่ง,<SYMBOL> SAMART <ASPECT> รายได้ <OPINION> ทะลุ <POS>
SAMART โกยรายได้ 9 เดือนทะลุ 7 พันล้าน ตุนแบ็กล็อกแน่นหมื่นล้าน มั่นใจดันธุรกิจโตแกร่ง,<SYMBOL> SAMART <ASPECT> ตุนแบ็กล็อก <OPINION> แน่น <POS>
SAMART โกยรายได้ 9 เดือนทะลุ 7 พันล้าน ตุนแบ็กล็อกแน่นหมื่นล้าน มั่นใจดันธุรกิจโตแกร่ง,<SYMBOL> SAMART <ASPECT> ธุรกิจ <OPINION> มั่นใจดัน <POS>
SAMART โกยรายได้ 9 เดือนทะลุ 7 พันล้าน ตุนแบ็กล็อกแน่นหมื่นล้าน มั่นใจดันธุรกิจโตแกร่ง,<SYMBOL> SAMART <ASPECT> ธุรกิจ <OPINION> โตแกร่ง <POS>
WP แย้ม Q4 สดใส! รับดีมานด์ LPG-โซลาร์รูฟท็อป มั่นใจรายได้ปี 66 ทะลุ 1.7 หมื่นล้าน,<SYMBOL> WP <ASPECT> Q4 <OPINION> สดใส <POS>
WP แย้ม Q4 สดใส! รับดีมานด์ LPG-โซลาร์รูฟท็อป มั่นใจรายได้ปี 66 ทะลุ 1.7 หมื่นล้าน,<SYMBOL> WP <ASPECT> รายได้ <OPINION> มั่นใจ <POS>
JKN รูดฟลอร์ 2 เซ่น ตลท. แขวน “C” 13 พ.ย.นี้ – ศาลรับคำร้องฟื้นฟูกิจการ,<SYMBOL> JKN <ASPECT> ฟลอร์ <OPINION> รูด <NEG>
JKN รูดฟลอร์ 2 เซ่น ตลท. แขวน “C” 13 พ.ย.นี้ – ศาลรับคำร้องฟื้นฟูกิจการ,<SYMBOL> JKN <ASPECT> กิจการ <OPINION> ฟื้นฟู <POS>
BE8 โชว์กำไร 9 เดือนแรกแตะ 213 ล้าน โต 139% รับรายได้บริการเทคโนโลยี,<SYMBOL> BE8 <ASPECT> กำไร <OPINION> โชว์ <POS>
BE8 โชว์กำไร 9 เดือนแรกแตะ 213 ล้าน โต 139% รับรายได้บริการเทคโนโลยี,<SYMBOL> BE8 <ASPECT> กำไร <OPINION> โต <POS>
PPS โชว์รายได้ 9 เดือนทะลุ 323 ล้าน แย้ม Q4 โตต่อ ตุนแบ็กล็อกเฉียด 500 ลบ.,<SYMBOL> PPS <ASPECT> รายได้ <OPINION> โชว์ <POS>
PPS โชว์รายได้ 9 เดือนทะลุ 323 ล้าน แย้ม Q4 โตต่อ ตุนแบ็กล็อกเฉียด 500 ลบ.,<SYMBOL> PPS <ASPECT> Q4 <OPINION> โตต่อ <POS>
PPS โชว์รายได้ 9 เดือนทะลุ 323 ล้าน แย้ม Q4 โตต่อ ตุนแบ็กล็อกเฉียด 500 ลบ.,<SYMBOL> PPS <ASPECT> แบ็กล็อก <OPINION> ตุน <POS>
COCOCO โกยกำไร 9 เดือนทะลุ 350 ล้าน ออเดอร์ใหม่ทะลัก-รุกขยายตลาดจีนหนุน,<SYMBOL> COCOCO <ASPECT> กำไร <OPINION> โกย <POS>
COCOCO โกยกำไร 9 เดือนทะลุ 350 ล้าน ออเดอร์ใหม่ทะลัก-รุกขยายตลาดจีนหนุน,<SYMBOL> COCOCO <ASPECT> กำไร <OPINION> ทะลุ <POS>
COCOCO โกยกำไร 9 เดือนทะลุ 350 ล้าน ออเดอร์ใหม่ทะลัก-รุกขยายตลาดจีนหนุน,<SYMBOL> COCOCO <ASPECT> ออเดอร์ใหม่ <OPINION> ทะลัก <POS>
COCOCO โกยกำไร 9 เดือนทะลุ 350 ล้าน ออเดอร์ใหม่ทะลัก-รุกขยายตลาดจีนหนุน,<SYMBOL> COCOCO <ASPECT> รุกขยายตลาดจีน <OPINION> หนุน <POS>
SCGP ลุ้น Q4 แจ่ม! รับดีมานด์ ”แพ็กเกจจิ้ง” อาหาร-เครื่องดื่มหนุน,<SYMBOL> SCGP <ASPECT> Q4 <OPINION> แจ่ม <POS>
SCGP ลุ้น Q4 แจ่ม! รับดีมานด์ ”แพ็กเกจจิ้ง” อาหาร-เครื่องดื่มหนุน,<SYMBOL> SCGP <ASPECT> อาหาร <OPINION> หนุน <POS>
SCGP ลุ้น Q4 แจ่ม! รับดีมานด์ ”แพ็กเกจจิ้ง” อาหาร-เครื่องดื่มหนุน,<SYMBOL> SCGP <ASPECT> เครื่องดื่ม <OPINION> หนุน <POS>
MTC โชว์สินเชื่อ Q3 ขยายตัวตามเป้า รุกขยายสาขาดันพอร์ดปี 67 โต 20%,<SYMBOL> MTC <ASPECT> สินเชื่อ <OPINION> โชว์ <POS>
MTC โชว์สินเชื่อ Q3 ขยายตัวตามเป้า รุกขยายสาขาดันพอร์ดปี 67 โต 20%,<SYMBOL> MTC <ASPECT> เป้า <OPINION> ขยายตัว <POS>
MTC โชว์สินเชื่อ Q3 ขยายตัวตามเป้า รุกขยายสาขาดันพอร์ดปี 67 โต 20%,<SYMBOL> MTC <ASPECT> ดันพอร์ต <OPINION> โต <POS>
WHAUP โชว์กำไร Q3 แตะ 511 ล้าน แจกปันผล 0.060 บ. จ่อขึ้น XD 22 พ.ย.นี้,<SYMBOL> WHAUP <ASPECT> กำไร <OPINION> โชว์ <POS>
JMART ไตรมาส 3 กำไร 293 ล้าน โบรกชี้ครึ่งปีหลังทุกธุรกิจฟื้นชัด,<SYMBOL> JMART <ASPECT> Q3 <OPINION> กำไร <POS>
JMART ไตรมาส 3 กำไร 293 ล้าน โบรกชี้ครึ่งปีหลังทุกธุรกิจฟื้นชัด,<SYMBOL> JMART <ASPECT> ทุกธุรกิจ <OPINION> ฟื้นชัด <POS>
SINGER รายได้ขายลด-ตั้งสำรองหนี้พุ่ง กดกำไร Q3 เหลือ 13 ล้าน,<SYMBOL> SINGER <ASPECT> รายได้ขาย <OPINION> ลด <NEG>
SINGER รายได้ขายลด-ตั้งสำรองหนี้พุ่ง กดกำไร Q3 เหลือ 13 ล้าน,<SYMBOL> SINGER <ASPECT> ตั้งสำรองหนี้ <OPINION> พุ่ง <NEG>
SINGER รายได้ขายลด-ตั้งสำรองหนี้พุ่ง กดกำไร Q3 เหลือ 13 ล้าน,<SYMBOL> SINGER <ASPECT> กำไร <OPINION> กด <NEG>
JMT รายได้ดอกเบี้ย-ส่วนแบ่งร่วมค้าพุ่ง ดันกำไร Q3 แตะ 466 ล้าน,<SYMBOL> JMT <ASPECT> ดอกเบี้ย <OPINION> รายได้ <POS>
JMT รายได้ดอกเบี้ย-ส่วนแบ่งร่วมค้าพุ่ง ดันกำไร Q3 แตะ 466 ล้าน,<SYMBOL> JMT <ASPECT> ส่วนแบ่งร่วมค้า <OPINION> พุ่ง <POS>
JMT รายได้ดอกเบี้ย-ส่วนแบ่งร่วมค้าพุ่ง ดันกำไร Q3 แตะ 466 ล้าน,<SYMBOL> JMT <ASPECT> กำไร <OPINION> ดัน <POS>
TRUE ไตรมาส 3 ขาดทุน 1.6 พันล้าน เซ่นต้นทุนค่าใช้จ่าย-บริหารพุ่ง,<SYMBOL> TRUE <OPINION> ขาดทุน <NEG>
TRUE ไตรมาส 3 ขาดทุน 1.6 พันล้าน เซ่นต้นทุนค่าใช้จ่าย-บริหารพุ่ง,<SYMBOL> TRUE <ASPECT> ต้นทุน <OPINION> พุ่ง <NEG>
OR อวดกำไร Q3 โต 6 เท่า แตะ 5.2 พันล้าน รับรายได้กลุ่มธุรกิจ Mobility หนุน,<SYMBOL> OR <ASPECT> กำไร <OPINION> อวด <POS>
OR อวดกำไร Q3 โต 6 เท่า แตะ 5.2 พันล้าน รับรายได้กลุ่มธุรกิจ Mobility หนุน,<SYMBOL> OR <ASPECT> กำไร <OPINION> โต <POS>
OR อวดกำไร Q3 โต 6 เท่า แตะ 5.2 พันล้าน รับรายได้กลุ่มธุรกิจ Mobility หนุน,<SYMBOL> OR <ASPECT> รายได้ <OPINION> หนุน <POS>
GULF โรงไฟฟ้า-ส่วนแบ่ง “อินทัช” พุ่ง ดันกำไร Q3 โต 2 เท่า แตะ 3.4 พันล้าน,<SYMBOL> GULF <ASPECT> ส่วนแบ่ง <OPINION> พุ่ง <POS>
GULF โรงไฟฟ้า-ส่วนแบ่ง “อินทัช” พุ่ง ดันกำไร Q3 โต 2 เท่า แตะ 3.4 พันล้าน,<SYMBOL> GULF <ASPECT> กำไร <OPINION> ดัน <POS>
GULF โรงไฟฟ้า-ส่วนแบ่ง “อินทัช” พุ่ง ดันกำไร Q3 โต 2 เท่า แตะ 3.4 พันล้าน,<SYMBOL> GULF <ASPECT> กำไร <OPINION> โต <POS>
WHA โชว์กำไร Q3 โตทะลัก 141% แจกปันผล 0.0669 บ. ขึ้น XD 22 พ.ย.นี้,<SYMBOL> WHA <ASPECT> กำไร <OPINION> โชว์ <POS>
WHA โชว์กำไร Q3 โตทะลัก 141% แจกปันผล 0.0669 บ. ขึ้น XD 22 พ.ย.นี้,<SYMBOL> WHA <ASPECT> กำไร <OPINION> โตทะลัก <POS>
CKP ลุ้นงบ Q4 โตเด่นรับ “ไฮซีซั่น” หลังปริมาณน้ำดีต่อเนื่อง,<SYMBOL> CKP <ASPECT> งบ <OPINION> โตเด่น <POS>
CKP ลุ้นงบ Q4 โตเด่นรับ “ไฮซีซั่น” หลังปริมาณน้ำดีต่อเนื่อง,<SYMBOL> CKP <ASPECT> ปริมาณน้ำ <OPINION> ดีต่อเนื่อง <POS>
YONG โชว์กำไร Q3 โต 45% แตะ 33 ล้าน วางเป้ารายได้ปี 66 ทะลุพันลบ.,<SYMBOL> YONG <ASPECT> กำไร <OPINION> โชว์ <POS>
YONG โชว์กำไร Q3 โต 45% แตะ 33 ล้าน วางเป้ารายได้ปี 66 ทะลุพันลบ.,<SYMBOL> YONG <ASPECT> กำไร <OPINION> โต <POS>
YONG โชว์กำไร Q3 โต 45% แตะ 33 ล้าน วางเป้ารายได้ปี 66 ทะลุพันลบ.,<SYMBOL> YONG <ASPECT> กำไร <OPINION> แตะ <POS>
YONG โชว์กำไร Q3 โต 45% แตะ 33 ล้าน วางเป้ารายได้ปี 66 ทะลุพันลบ.,<SYMBOL> YONG <ASPECT> เป้ารายได้ <OPINION> ทะลุ <POS>
สรุป SET100 วันนี้ BGRIM บวกสูงสุด 3%,<SYMBOL> BGRIM <OPINION> บวกสูงสุด <POS>
COM7 รูด 6% หวั่นกำไร Q3 หดตัว หลังปิดปรับปรุง 40 สาขาใหญ่,<SYMBOL> COM7 <OPINION> รูด <NEG>
COM7 รูด 6% หวั่นกำไร Q3 หดตัว หลังปิดปรับปรุง 40 สาขาใหญ่,<SYMBOL> COM7 <ASPECT> กำไร <OPINION> หวั่น <NEG>
COM7 รูด 6% หวั่นกำไร Q3 หดตัว หลังปิดปรับปรุง 40 สาขาใหญ่,<SYMBOL> COM7 <ASPECT> กำไร <OPINION> หดตัว <NEG>
IRPC ไตรมาส 3 พลิกกำไร 2.44 พันล้าน ลุยแตกไลน์ธุรกิจ “Health & Wellness” เขตพื้นที่ EEC,<SYMBOL> IRPC <ASPECT> พลิก <OPINION> กำไร <POS>
MINT รายได้ธุรกิจโรงแรม-อาหารพุ่ง ดันกำไร 9 เดือนแรกโต 86% แตะ 4.4 พันล้าน,<SYMBOL> MINT <ASPECT> รายได้ <OPINION> พุ่ง <POS>
MINT รายได้ธุรกิจโรงแรม-อาหารพุ่ง ดันกำไร 9 เดือนแรกโต 86% แตะ 4.4 พันล้าน,<SYMBOL> MINT <ASPECT> กำไร <OPINION> ดัน <POS>
MINT รายได้ธุรกิจโรงแรม-อาหารพุ่ง ดันกำไร 9 เดือนแรกโต 86% แตะ 4.4 พันล้าน,<SYMBOL> MINT <ASPECT> กำไร <OPINION> โต <POS>
MINT รายได้ธุรกิจโรงแรม-อาหารพุ่ง ดันกำไร 9 เดือนแรกโต 86% แตะ 4.4 พันล้าน,<SYMBOL> MINT <ASPECT> กำไร <OPINION> แตะ <POS>
DOD โชว์กำไร Q3 โต 33 เท่าตัว แตะ 10 ล้าน ส่งซิกไตรมาส 4 สุดพีก ดันทั้งปีเทิร์นอะราวด์,<SYMBOL> DOD <ASPECT> กำไร <OPINION> โชว์ <POS>
DOD โชว์กำไร Q3 โต 33 เท่าตัว แตะ 10 ล้าน ส่งซิกไตรมาส 4 สุดพีก ดันทั้งปีเทิร์นอะราวด์,<SYMBOL> DOD <ASPECT> กำไร <OPINION> โต <POS>
DOD โชว์กำไร Q3 โต 33 เท่าตัว แตะ 10 ล้าน ส่งซิกไตรมาส 4 สุดพีก ดันทั้งปีเทิร์นอะราวด์,<SYMBOL> DOD <OPINION> สุดพีก <POS>
DOD โชว์กำไร Q3 โต 33 เท่าตัว แตะ 10 ล้าน ส่งซิกไตรมาส 4 สุดพีก ดันทั้งปีเทิร์นอะราวด์,<SYMBOL> DOD <ASPECT> เทิร์นอะราวด์ <OPINION> ดัน <POS>
MTC โบรกแนะซื้อเป้า 49 บาท หลังโชว์งบ Q3 กำไรทะลุ 1.28 พันล้าน คุม NPL ดีขึ้น,<SYMBOL> MTC <ASPECT> งบ <OPINION> โชว์ <POS>
MTC โบรกแนะซื้อเป้า 49 บาท หลังโชว์งบ Q3 กำไรทะลุ 1.28 พันล้าน คุม NPL ดีขึ้น,<SYMBOL> MTC <ASPECT> กำไร <OPINION> ทะลุ <POS>
CBG ลุ้นงบไตรมาส 3 กำไรแจ่ม พ่วงไตรมาส 4/66 เด่นต่อ แนะซื้อเป้า 98.30 บาท,<SYMBOL> CBG <ASPECT> กำไร <OPINION> แจ่ม <POS>
CBG ลุ้นงบไตรมาส 3 กำไรแจ่ม พ่วงไตรมาส 4/66 เด่นต่อ แนะซื้อเป้า 98.30 บาท,<SYMBOL> CBG <ASPECT> กำไร <OPINION> เด่นต่อ <POS>
สรุปกระดานรายใหญ่เช้านี้ WHA มูลค่าสูงสุด 12 ล้านบาท,<SYMBOL> WHA <ASPECT> มูลค่า <OPINION> สูงสุด <NEU>
SUN ปิดเช้าพุ่ง 6% รับงบ Q3 กำไรโตเท่าตัว โบรกแนะซื้ออัพเป้าใหม่ 6 บ.,<SYMBOL> SUN <ASPECT> ปิด <OPINION> พุ่ง <POS>
SUN ปิดเช้าพุ่ง 6% รับงบ Q3 กำไรโตเท่าตัว โบรกแนะซื้ออัพเป้าใหม่ 6 บ.,<SYMBOL> SUN <ASPECT> กำไร <OPINION> โตเท่าตัว <POS>
สรุป SET100 เช้านี้ AMATA บวกสูงสุด 3%,<SYMBOL> AMATA <OPINION> บวกสูงสุด <POS>
SFLEX โชว์กำไร Q3 แตะ 49 ล้าน เคาะปันผล 0.045 บ. ขึ้น XD 22 พ.ย.นี้,<SYMBOL> SFLEX <ASPECT> กำไร <OPINION> โชว์ <POS>
SFLEX โชว์กำไร Q3 แตะ 49 ล้าน เคาะปันผล 0.045 บ. ขึ้น XD 22 พ.ย.นี้,<SYMBOL> SFLEX <ASPECT> กำไร <OPINION> แตะ <POS>
ITNS กวาดรายได้ Q3 ทะลุ 200 ล้าน มั่นใจปีนี้โตเข้าเป้า 30%,<SYMBOL> ITNS <ASPECT> รายได้ <OPINION> กวาด <POS>
ITNS กวาดรายได้ Q3 ทะลุ 200 ล้าน มั่นใจปีนี้โตเข้าเป้า 30%,<SYMBOL> ITNS <ASPECT> รายได้ <OPINION> ทะลุ <POS>
ITNS กวาดรายได้ Q3 ทะลุ 200 ล้าน มั่นใจปีนี้โตเข้าเป้า 30%,<SYMBOL> ITNS <ASPECT> รายได้ <OPINION> มั่นใจ <POS>
ITNS กวาดรายได้ Q3 ทะลุ 200 ล้าน มั่นใจปีนี้โตเข้าเป้า 30%,<SYMBOL> ITNS <ASPECT> รายได้ <OPINION> เข้าเป้า <POS>
ITNS กวาดรายได้ Q3 ทะลุ 200 ล้าน มั่นใจปีนี้โตเข้าเป้า 30%,<SYMBOL> ITNS <ASPECT> รายได้ <OPINION> โต <POS>
CRANE เด้งแรง 10% รับงบ Q3 พลิกกำไร 125 ล้าน ลุ้นปีนี้ “เทิร์นอะราวด์”,<SYMBOL> CRANE <OPINION> เด้งแรง <POS>
CRANE เด้งแรง 10% รับงบ Q3 พลิกกำไร 125 ล้าน ลุ้นปีนี้ “เทิร์นอะราวด์”,<SYMBOL> CRANE <ASPECT> งบ <OPINION> กำไร <POS>
CM วิ่ง 18% รับงบ Q3 พลิกกำไร 67 ล้านบาท หลังคุมต้นทุน-ค่าใช้จ่ายดี,<SYMBOL> CM <OPINION> วิ่ง <POS>
CM วิ่ง 18% รับงบ Q3 พลิกกำไร 67 ล้านบาท หลังคุมต้นทุน-ค่าใช้จ่ายดี,<SYMBOL> CM <ASPECT> งบ <OPINION> กำไร <POS>
CM วิ่ง 18% รับงบ Q3 พลิกกำไร 67 ล้านบาท หลังคุมต้นทุน-ค่าใช้จ่ายดี,<SYMBOL> CM <ASPECT> คุมต้นทุน-ค่าใช้จ่าย <OPINION> ดี <POS>
III โชว์กำไร Q3 แตะ 160 ล้านบาท มั่นใจปีนี้โตกว่า 25%,<SYMBOL> III <ASPECT> กำไร <OPINION> โชว์ <POS>
III โชว์กำไร Q3 แตะ 160 ล้านบาท มั่นใจปีนี้โตกว่า 25%,<SYMBOL> III <ASPECT> กำไร <OPINION> แตะ <POS>
III โชว์กำไร Q3 แตะ 160 ล้านบาท มั่นใจปีนี้โตกว่า 25%,<SYMBOL> III <ASPECT> กำไร <OPINION> โต <POS>
ICHI บวก 3% อัพรายได้ปีนี้ 7.8 พันล้าน โบรกแนะ “ซื้อ” เป้า 19 บาท,<SYMBOL> ICHI <OPINION> บวก <POS>
ICHI บวก 3% อัพรายได้ปีนี้ 7.8 พันล้าน โบรกแนะ “ซื้อ” เป้า 19 บาท,<SYMBOL> ICHI <ASPECT> รายได้ <OPINION> อัพ <POS>
BJC ร่วง 7% หลังกำไร Q3 วูบ 25% เหลือ 693 ล้าน,<SYMBOL> BJC <OPINION> ร่วง <NEG>
BJC ร่วง 7% หลังกำไร Q3 วูบ 25% เหลือ 693 ล้าน,<SYMBOL> BJC <ASPECT> กำไร <OPINION> วูบ <NEG>
STA พ้นจุดต่ำสุด! ลุ้นรายได้ Q4 ฟื้น รับส่งออก “ยาง” เพิ่ม-ราคาขายสูง,<SYMBOL> STA <ASPECT> จุดต่ำสุด <OPINION> พ้น <POS>
STA พ้นจุดต่ำสุด! ลุ้นรายได้ Q4 ฟื้น รับส่งออก “ยาง” เพิ่ม-ราคาขายสูง,<SYMBOL> STA <ASPECT> รายได้ <OPINION> ฟื้น <POS>
STA พ้นจุดต่ำสุด! ลุ้นรายได้ Q4 ฟื้น รับส่งออก “ยาง” เพิ่ม-ราคาขายสูง,<SYMBOL> STA <ASPECT> เพิ่มราคาขาย <OPINION> สูง <POS>
TEAMG โชว์กำไร Q3 ทะลุ 30 ล้าน รุกงาน “รัฐ-เอกชน” ดันแบ็กล็อกปีนี้ 6 พันล้าน,<SYMBOL> TEAMG <ASPECT> กำไร <OPINION> โชว์ <POS>
TEAMG โชว์กำไร Q3 ทะลุ 30 ล้าน รุกงาน “รัฐ-เอกชน” ดันแบ็กล็อกปีนี้ 6 พันล้าน,<SYMBOL> TEAMG <ASPECT> กำไร <OPINION> ทะลุ <POS>
TEAMG โชว์กำไร Q3 ทะลุ 30 ล้าน รุกงาน “รัฐ-เอกชน” ดันแบ็กล็อกปีนี้ 6 พันล้าน,<SYMBOL> TEAMG <ASPECT> แบ็กล็อก <OPINION> ดัน <POS>
BH โชว์กำไร Q3 โต 30% ทะลุ 1.9 พันล้าน รับรายได้ผู้ป่วยไทย-ต่างชาติพุ่ง,<SYMBOL> BH <ASPECT> กำไร <OPINION> โชว์ <POS>
BH โชว์กำไร Q3 โต 30% ทะลุ 1.9 พันล้าน รับรายได้ผู้ป่วยไทย-ต่างชาติพุ่ง,<SYMBOL> BH <ASPECT> กำไร <OPINION> โต <POS>
BH โชว์กำไร Q3 โต 30% ทะลุ 1.9 พันล้าน รับรายได้ผู้ป่วยไทย-ต่างชาติพุ่ง,<SYMBOL> BH <ASPECT> กำไร <OPINION> ทะลุ <POS>
BH โชว์กำไร Q3 โต 30% ทะลุ 1.9 พันล้าน รับรายได้ผู้ป่วยไทย-ต่างชาติพุ่ง,<SYMBOL> BH <ASPECT> รายได้ <OPINION> พุ่ง <POS>
SVR กวาดรายได้ 9 เดือนทะลุ 700 ล้าน ดันกำไรโตทะลัก 75%,<SYMBOL> SVR <ASPECT> รายได้ <OPINION> กวาด <POS>
SVR กวาดรายได้ 9 เดือนทะลุ 700 ล้าน ดันกำไรโตทะลัก 75%,<SYMBOL> SVR <ASPECT> รายได้ <OPINION> ทะลุ <POS>
SVR กวาดรายได้ 9 เดือนทะลุ 700 ล้าน ดันกำไรโตทะลัก 75%,<SYMBOL> SVR <ASPECT> กำไร <OPINION> ดัน <POS>
SVR กวาดรายได้ 9 เดือนทะลุ 700 ล้าน ดันกำไรโตทะลัก 75%,<SYMBOL> SVR <ASPECT> กำไร <OPINION> โตทะลัก <POS>
LPN ส่งซิก Q4 ลุยเปิดอีก 2 โครงการ ดันยอดขายปีนี้เข้าเป้า 1.3 หมื่นล้าน,<SYMBOL> LPN <ASPECT> Q4 <OPINION> ส่งซิก <POS>
LPN ส่งซิก Q4 ลุยเปิดอีก 2 โครงการ ดันยอดขายปีนี้เข้าเป้า 1.3 หมื่นล้าน,<SYMBOL> LPN <ASPECT> โครงการ <OPINION> ลุยเปิด <POS>
LPN ส่งซิก Q4 ลุยเปิดอีก 2 โครงการ ดันยอดขายปีนี้เข้าเป้า 1.3 หมื่นล้าน,<SYMBOL> LPN <ASPECT> ยอดขาย <OPINION> ดัน <POS>
LPN ส่งซิก Q4 ลุยเปิดอีก 2 โครงการ ดันยอดขายปีนี้เข้าเป้า 1.3 หมื่นล้าน,<SYMBOL> LPN <ASPECT> ยอดขาย <OPINION> เข้าเป้า <POS>
AP ลุยผุด 23 โครงการใหม่ Q4 หลังตุน “แบ็กล็อก” 3.2 หมื่นล้าน,<SYMBOL> AP <ASPECT> โครงการ <OPINION> ลุยผุด <POS>
AP ลุยผุด 23 โครงการใหม่ Q4 หลังตุน “แบ็กล็อก” 3.2 หมื่นล้าน,<SYMBOL> AP <ASPECT> แบ็กล็อก <OPINION> ตุน <POS>
AU กลับมาทำกำไรสูงสุดในรอบ 5 ปี,<SYMBOL> AU <ASPECT> กำไร <OPINION> สูงสุด <POS>
CPAXT กวาดรายได้ Q3 เฉียด 1.2 แสนล้าน ตอกย้ำผู้นำ “ค้าส่ง-ปลีก” เบอร์ 1 ไทย,<SYMBOL> CPAXT <ASPECT> รายได้ <OPINION> กวาด <POS>
CPAXT กวาดรายได้ Q3 เฉียด 1.2 แสนล้าน ตอกย้ำผู้นำ “ค้าส่ง-ปลีก” เบอร์ 1 ไทย,<SYMBOL> CPAXT <ASPECT> รายได้ <OPINION> เฉียด <POS>
OSP ยอดขายเครื่องดื่ม-ของใช้พุ่ง ดันกำไร Q3 โต 163% แตะ 642 ล้านบาท,<SYMBOL> OSP <ASPECT> ยอดขาย <OPINION> พุ่ง <POS>
OSP ยอดขายเครื่องดื่ม-ของใช้พุ่ง ดันกำไร Q3 โต 163% แตะ 642 ล้านบาท,<SYMBOL> OSP <ASPECT> กำไร <OPINION> ดัน <POS>
OSP ยอดขายเครื่องดื่ม-ของใช้พุ่ง ดันกำไร Q3 โต 163% แตะ 642 ล้านบาท,<SYMBOL> OSP <ASPECT> กำไร <OPINION> โต <POS>
ICHI กวาดกำไร Q3 โต 71% แตะ 328 ล้าน พ่วงปันผล 0.50 บาท ขึ้น XD 21 พ.ย.นี้,<SYMBOL> ICHI <ASPECT> กำไร <OPINION> กวาด <POS>
ICHI กวาดกำไร Q3 โต 71% แตะ 328 ล้าน พ่วงปันผล 0.50 บาท ขึ้น XD 21 พ.ย.นี้,<SYMBOL> ICHI <ASPECT> กำไร <OPINION> โต <POS>
GUNKUL เปิดกำไร Q3 แตะ 462 ล้าน พ่วงปันผล 0.06 บาท ขึ้น XD 22 พ.ย.นี้,<SYMBOL> GUNKUL <ASPECT> กำไร <OPINION> เปิด <NEU>
JAS กลับสำรองประกันค่าเช่า JASIF ดันไตรมาส 3 พลิกกำไร 4.2 พันล้าน,<SYMBOL> JAS <OPINION> ดัน <POS>
JAS กลับสำรองประกันค่าเช่า JASIF ดันไตรมาส 3 พลิกกำไร 4.2 พันล้าน,<SYMBOL> JAS <ASPECT> พลิก <OPINION> กำไร <POS>
PTTGC ไตรมาส 3 พลิกกำไร 1.4 พันล้าน รับค่าการกลั่นฟื้น,<SYMBOL> PTTGC <ASPECT> พลิก <OPINION> กำไร <POS>
BCP กำไร Q3 ทะลุ 1.1 หมื่นล้าน “ออลไทม์ไฮ” รับค่าการกลั่นพุ่ง,<SYMBOL> BCP <ASPECT> กำไร <OPINION> ทะลุ <POS>
BCP กำไร Q3 ทะลุ 1.1 หมื่นล้าน “ออลไทม์ไฮ” รับค่าการกลั่นพุ่ง,<SYMBOL> BCP <ASPECT> กำไร <OPINION> ออลไทม์ไฮ <POS>
BCP กำไร Q3 ทะลุ 1.1 หมื่นล้าน “ออลไทม์ไฮ” รับค่าการกลั่นพุ่ง,<SYMBOL> BCP <ASPECT> การกลั่น <OPINION> พุ่ง <POS>
สรุปกระดานรายใหญ่วันนี้ AAV มูลค่าสูงสุด 334 ล้านบาท,<SYMBOL> AAV <ASPECT> มูลค่า <OPINION> สูงสุด <NEU>
สรุป SET100 วันนี้ AAV บวกสูงสุด 6%,<SYMBOL> AAV <OPINION> บวกสูงสุด <POS>
DRT โชว์รายได้ Q3 ทะลุ 1.3 พันล้าน มั่นใจดันทั้งปีโตตามเป้า,<SYMBOL> DRT <ASPECT> รายได้ <OPINION> โชว์ <POS>
DRT โชว์รายได้ Q3 ทะลุ 1.3 พันล้าน มั่นใจดันทั้งปีโตตามเป้า,<SYMBOL> DRT <ASPECT> รายได้ <OPINION> ทะลุ <POS>
DRT โชว์รายได้ Q3 ทะลุ 1.3 พันล้าน มั่นใจดันทั้งปีโตตามเป้า,<SYMBOL> DRT <ASPECT> เป้า <OPINION> มั่นใจ <POS>
DRT โชว์รายได้ Q3 ทะลุ 1.3 พันล้าน มั่นใจดันทั้งปีโตตามเป้า,<SYMBOL> DRT <ASPECT> เป้า <OPINION> ดัน <POS>
DRT โชว์รายได้ Q3 ทะลุ 1.3 พันล้าน มั่นใจดันทั้งปีโตตามเป้า,<SYMBOL> DRT <ASPECT> เป้า <OPINION> โต <POS>
J โชว์กำไร Q3 โตทะลัก 617% ปักธงปี 67 ลุยพัฒนาศูนย์การค้าชุมชน 3 โปรเจกต์ใหม่,<SYMBOL> J <ASPECT> กำไร <OPINION> โชว์ <POS>
J โชว์กำไร Q3 โตทะลัก 617% ปักธงปี 67 ลุยพัฒนาศูนย์การค้าชุมชน 3 โปรเจกต์ใหม่,<SYMBOL> J <ASPECT> กำไร <OPINION> โตทะลัก <POS>
AIT โกยรายได้ 9 เดือนทะลุ 4.7 พันล้าน ลุยประมูลงานรัฐ-เอกชนเต็มสูบ,<SYMBOL> AIT <ASPECT> รายได้ <OPINION> โกย <POS>
AIT โกยรายได้ 9 เดือนทะลุ 4.7 พันล้าน ลุยประมูลงานรัฐ-เอกชนเต็มสูบ,<SYMBOL> AIT <ASPECT> รายได้ <OPINION> ทะลุ <POS>
SNNP โชว์กำไร Q3 แตะ 160 ล้าน มั่นใจผลงานปีนี้โต 2 หลัก,<SYMBOL> SNNP <ASPECT> กำไร <OPINION> โชว์ <POS>
SNNP โชว์กำไร Q3 แตะ 160 ล้าน มั่นใจผลงานปีนี้โต 2 หลัก,<SYMBOL> SNNP <ASPECT> ผลงาน <OPINION> มั่นใจ <POS>
SNNP โชว์กำไร Q3 แตะ 160 ล้าน มั่นใจผลงานปีนี้โต 2 หลัก,<SYMBOL> SNNP <ASPECT> ผลงาน <OPINION> โต <POS>
TOP โชว์กำไร Q3 ทะลุ 1.1 หมื่นล้าน โตกระฉูด 923 เท่าตัว รับค่าการกลั่นพุ่ง,<SYMBOL> TOP <ASPECT> กำไร <OPINION> โชว์ <POS>
TOP โชว์กำไร Q3 ทะลุ 1.1 หมื่นล้าน โตกระฉูด 923 เท่าตัว รับค่าการกลั่นพุ่ง,<SYMBOL> TOP <ASPECT> กำไร <OPINION> ทะลุ <POS>
TOP โชว์กำไร Q3 ทะลุ 1.1 หมื่นล้าน โตกระฉูด 923 เท่าตัว รับค่าการกลั่นพุ่ง,<SYMBOL> TOP <ASPECT> กำไร <OPINION> โตกระฉูด <POS>
TOP โชว์กำไร Q3 ทะลุ 1.1 หมื่นล้าน โตกระฉูด 923 เท่าตัว รับค่าการกลั่นพุ่ง,<SYMBOL> TOP <ASPECT> การกลั่น <OPINION> พุ่ง <POS>
สรุปกระดานรายใหญ่เช้านี้ AAV มูลค่าสูงสุด 334 ล้านบาท,<SYMBOL> AAV <ASPECT> มูลค่า <OPINION> สูงสุด <NEU>
สรุป SET100 เช้านี้ DOHOME บวกสูงสุด 6%,<SYMBOL> DOHOME <OPINION> บวกสูงสุด <POS>
TRC บวก 2 วันติดพุ่ง 9% รับข่าว “เศรษฐา” สั่งเอกชนลุยเหมืองโปแตช,<SYMBOL> TRC <OPINION> บวก <POS>
TRC บวก 2 วันติดพุ่ง 9% รับข่าว “เศรษฐา” สั่งเอกชนลุยเหมืองโปแตช,<SYMBOL> TRC <OPINION> พุ่ง <POS>
SPVI ร่วง 7% หลังกำไร Q3 หดตัว 18% เหลือ 24 ล้านบาท,<SYMBOL> SPVI <ASPECT> กำไร <OPINION> ร่วง <NEG>
SPVI ร่วง 7% หลังกำไร Q3 หดตัว 18% เหลือ 24 ล้านบาท,<SYMBOL> SPVI <ASPECT> กำไร <OPINION> หดตัว <NEG>
INSET กวาดรายได้ 9 เดือน 1.45 พันลบ. ตุนแบ็กล็อก 890 ล้าน มั่นใจผลงานปีนี้โตต่อเนื่อง,<SYMBOL> INSET <ASPECT> รายได้ <OPINION> กวาด <POS>
INSET กวาดรายได้ 9 เดือน 1.45 พันลบ. ตุนแบ็กล็อก 890 ล้าน มั่นใจผลงานปีนี้โตต่อเนื่อง,<SYMBOL> INSET <ASPECT> แบ็กล็อก <OPINION> ตุน <POS>
INSET กวาดรายได้ 9 เดือน 1.45 พันลบ. ตุนแบ็กล็อก 890 ล้าน มั่นใจผลงานปีนี้โตต่อเนื่อง,<SYMBOL> INSET <ASPECT> ผลงาน <OPINION> มั่นใจ <POS>
INSET กวาดรายได้ 9 เดือน 1.45 พันลบ. ตุนแบ็กล็อก 890 ล้าน มั่นใจผลงานปีนี้โตต่อเนื่อง,<SYMBOL> INSET <ASPECT> ผลงาน <OPINION> โตต่อเนื่อง <POS>
ITEL ดีด 5% รับงบ 9 เดือนกำไรแตะ 191 ล้าน ลุย “Health Tech” สร้างฐานเติบโต,<SYMBOL> ITEL <OPINION> ดีด <POS>
ITEL ดีด 5% รับงบ 9 เดือนกำไรแตะ 191 ล้าน ลุย “Health Tech” สร้างฐานเติบโต,<SYMBOL> ITEL <ASPECT> สร้างฐาน <OPINION> เติบโค <POS>
TRUE ร่วง 6% วิตกขาย “หุ้นกู้” พลาดเป้า 2 พันล้าน เสี่ยงกระทบสภาพคล่อง,<SYMBOL> TRUE <OPINION> ร่วง <NEG>
TRUE ร่วง 6% วิตกขาย “หุ้นกู้” พลาดเป้า 2 พันล้าน เสี่ยงกระทบสภาพคล่อง,<SYMBOL> TRUE <ASPECT> ขายหุ้นกู้ <OPINION> วิตก <NEG>
TRUE ร่วง 6% วิตกขาย “หุ้นกู้” พลาดเป้า 2 พันล้าน เสี่ยงกระทบสภาพคล่อง,<SYMBOL> TRUE <ASPECT> เป้า <OPINION> พลาด <NEG>
TRUE ร่วง 6% วิตกขาย “หุ้นกู้” พลาดเป้า 2 พันล้าน เสี่ยงกระทบสภาพคล่อง,<SYMBOL> TRUE <ASPECT> สภาพคล่อง <OPINION> เสี่ยงกระทบ <NEG>
BBGI ส่งซิก Q4 ผลงานสดใส! ลุยตั้งโรงงาน CDMO แห่งแรกในเอเชียตะวันออกเฉียงใต้,<SYMBOL> BBGI <ASPECT> ผลงาน <OPINION> สดใส <POS>
JASIF ร่วง 7% เซ่นไตรมาส 3 พลิกขาดทุนหมื่นล้าน เหตุพอร์ตลงทุนติดลบ,<SYMBOL> JASIF <OPINION> ร่วง <NEG>
JASIF ร่วง 7% เซ่นไตรมาส 3 พลิกขาดทุนหมื่นล้าน เหตุพอร์ตลงทุนติดลบ,<SYMBOL> JASIF <ASPECT> พอร์ตลงทุน <OPINION> ติดลบ <NEG>
DOHOME บวก 7% นิวไฮรอบ 4 เดือน หลังโชว์งบ Q3 กำไรโต 80%,<SYMBOL> DOHOME <OPINION> บวก <POS>
DOHOME บวก 7% นิวไฮรอบ 4 เดือน หลังโชว์งบ Q3 กำไรโต 80%,<SYMBOL> DOHOME <OPINION> นิวไฮ <POS>
DOHOME บวก 7% นิวไฮรอบ 4 เดือน หลังโชว์งบ Q3 กำไรโต 80%,<SYMBOL> DOHOME <ASPECT> งบ <OPINION> กำไรโต <POS>
BEYOND แย้มไตรมาส 4 โตต่อ ดันทั้งปี “เทิร์นอะราวด์” รายได้ทะลัก 2.8 พันล้าน,<SYMBOL> BEYOND <OPINION> โตต่อ <POS>
BEYOND แย้มไตรมาส 4 โตต่อ ดันทั้งปี “เทิร์นอะราวด์” รายได้ทะลัก 2.8 พันล้าน,<SYMBOL> BEYOND <ASPECT> เทิร์นอะราวด์ <OPINION> ดัน <POS>
BEYOND แย้มไตรมาส 4 โตต่อ ดันทั้งปี “เทิร์นอะราวด์” รายได้ทะลัก 2.8 พันล้าน,<SYMBOL> BEYOND <ASPECT> รายได้ <OPINION> ทะลัก <POS>
MTC มั่นใจปีนี้โต 20% หลัง “พอร์ตสินเชื่อ” Q3 แตะ 1.39 แสนล้านบาท,<SYMBOL> MTC <ASPECT> พอร์ตสินเชื่อ <OPINION> โต <POS>
MTC มั่นใจปีนี้โต 20% หลัง “พอร์ตสินเชื่อ” Q3 แตะ 1.39 แสนล้านบาท,<SYMBOL> MTC <ASPECT> พอร์ตสินเชื่อ <OPINION> แตะ <POS>
DRT รายได้ขาย-บริการทะลัก! ดันกำไร Q3 โต 29% แตะ 168 ล้าน,<SYMBOL> DRT <ASPECT> รายได้ <OPINION> ทะลัก <POS>
DRT รายได้ขาย-บริการทะลัก! ดันกำไร Q3 โต 29% แตะ 168 ล้าน,<SYMBOL> DRT <ASPECT> กำไร <OPINION> ดัน <POS>
DRT รายได้ขาย-บริการทะลัก! ดันกำไร Q3 โต 29% แตะ 168 ล้าน,<SYMBOL> DRT <ASPECT> กำไร <OPINION> โต <POS>
DRT รายได้ขาย-บริการทะลัก! ดันกำไร Q3 โต 29% แตะ 168 ล้าน,<SYMBOL> DRT <ASPECT> กำไร <OPINION> แตะ <POS>
AWC กำไร 9 เดือนโต 40% รับรายได้โรงแรมฟื้น,<SYMBOL> AWC <ASPECT> กำไร <OPINION> โต <POS>
AWC กำไร 9 เดือนโต 40% รับรายได้โรงแรมฟื้น,<SYMBOL> AWC <ASPECT> รายได้ <OPINION> ฟื้น <POS>
BCPG รายได้ Q3 แตะ 1.5 พันล้าน รับธุรกิจโรงไฟฟ้าโตเด่น,<SYMBOL> BCPG <ASPECT> รายได้ <OPINION> แตะ <POS>
BCPG รายได้ Q3 แตะ 1.5 พันล้าน รับธุรกิจโรงไฟฟ้าโตเด่น,<SYMBOL> BCPG <ASPECT> ธุรกิจโรงไฟฟ้า <OPINION> โตเด่น <POS>
DOHOME ต้นทุนขายลด! ดันกำไร Q3 โต 80% แตะ 90 ล้าน,<SYMBOL> DOHOME <ASPECT> ต้นทุนขาย <OPINION> ลด <POS>
DOHOME ต้นทุนขายลด! ดันกำไร Q3 โต 80% แตะ 90 ล้าน,<SYMBOL> DOHOME <ASPECT> กำไร <OPINION> ดัน <POS>
DOHOME ต้นทุนขายลด! ดันกำไร Q3 โต 80% แตะ 90 ล้าน,<SYMBOL> DOHOME <ASPECT> กำไร <OPINION> โต <POS>
DOHOME ต้นทุนขายลด! ดันกำไร Q3 โต 80% แตะ 90 ล้าน,<SYMBOL> DOHOME <ASPECT> กำไร <OPINION> แตะ <POS>
ITEL ต้นทุนบริการลด!  ดันกำไร Q3 โต 26% แตะ 68 ล้าน,<SYMBOL> ITEL <ASPECT> ต้นทุนบริการ <OPINION> ลด <POS>
ITEL ต้นทุนบริการลด!  ดันกำไร Q3 โต 26% แตะ 68 ล้าน,<SYMBOL> ITEL <ASPECT> กำไร <OPINION> ดัน <POS>
ITEL ต้นทุนบริการลด!  ดันกำไร Q3 โต 26% แตะ 68 ล้าน,<SYMBOL> ITEL <ASPECT> กำไร <OPINION> โต <POS>
ITEL ต้นทุนบริการลด!  ดันกำไร Q3 โต 26% แตะ 68 ล้าน,<SYMBOL> ITEL <ASPECT> กำไร <OPINION> แตะ <POS>
J รายได้ค่าเช่าพุ่ง-ปรับมูลค่ายุติธรรมเงินลงทุน ดันกำไร Q3 โต 6 เท่าตัว,<SYMBOL> J <ASPECT> รายได้ <OPINION> พุ่ง <POS>
J รายได้ค่าเช่าพุ่ง-ปรับมูลค่ายุติธรรมเงินลงทุน ดันกำไร Q3 โต 6 เท่าตัว,<SYMBOL> J <ASPECT> กำไร <OPINION> ดัน <POS>
J รายได้ค่าเช่าพุ่ง-ปรับมูลค่ายุติธรรมเงินลงทุน ดันกำไร Q3 โต 6 เท่าตัว,<SYMBOL> J <ASPECT> กำไร <OPINION> โต <POS>
J รายได้ค่าเช่าพุ่ง-ปรับมูลค่ายุติธรรมเงินลงทุน ดันกำไร Q3 โต 6 เท่าตัว,<SYMBOL> J <ASPECT> กำไร <OPINION> เท่าตัว <POS>
CPANEL รายได้หด-ค่าใช้จ่ายเพิ่ม! ฉุดกำไร Q3 เหลือ 13 ล้านบาท,<SYMBOL> CPANEL <ASPECT> รายได้ <OPINION> หด <NEG>
CPANEL รายได้หด-ค่าใช้จ่ายเพิ่ม! ฉุดกำไร Q3 เหลือ 13 ล้านบาท,<SYMBOL> CPANEL <ASPECT> ค่าใช้จ่าย <OPINION> เพิ่ม <NEG>
CPANEL รายได้หด-ค่าใช้จ่ายเพิ่ม! ฉุดกำไร Q3 เหลือ 13 ล้านบาท,<SYMBOL> CPANEL <ASPECT> กำไร <OPINION> ฉุด <NEG>
JTS รายได้ลด-ค่าใช้จ่ายเพิ่ม! ฉุดงบ Q3 พลิกขาดทุน 10 ล้านบาท,<SYMBOL> JTS <ASPECT> รายได้ <OPINION> ลด <NEG>
JTS รายได้ลด-ค่าใช้จ่ายเพิ่ม! ฉุดงบ Q3 พลิกขาดทุน 10 ล้านบาท,<SYMBOL> JTS <ASPECT> ค่าใช้จ่าย <OPINION> เพิ่ม <NEG>
JTS รายได้ลด-ค่าใช้จ่ายเพิ่ม! ฉุดงบ Q3 พลิกขาดทุน 10 ล้านบาท,<SYMBOL> JTS <ASPECT> งบ <OPINION> ขาดทุน <NEG>
MTC งบ Q3 กำไร 1.29 พันล้าน อานิสงส์สินเชื่อ-สัญญาเช่าซื้อพุ่ง,<SYMBOL> MTC <ASPECT> งบ <OPINION> กำไร <POS>
MTC งบ Q3 กำไร 1.29 พันล้าน อานิสงส์สินเชื่อ-สัญญาเช่าซื้อพุ่ง,<SYMBOL> MTC <ASPECT> สินเชื่อ <OPINION> พุ่ง <POS>
MTC งบ Q3 กำไร 1.29 พันล้าน อานิสงส์สินเชื่อ-สัญญาเช่าซื้อพุ่ง,<SYMBOL> MTC <ASPECT> สัญญาเช่าซื้อ <OPINION> พุ่ง <POS>
QH รายได้อสังหาฯ-ค่าเช่าลด! กดกำไร Q3 เหลือ 633.74 ล้าน,<SYMBOL> QH <ASPECT> รายได้ <OPINION> ลด <NEG>
QH รายได้อสังหาฯ-ค่าเช่าลด! กดกำไร Q3 เหลือ 633.74 ล้าน,<SYMBOL> QH <ASPECT> กำไร <OPINION> กด <NEG>
QH รายได้อสังหาฯ-ค่าเช่าลด! กดกำไร Q3 เหลือ 633.74 ล้าน,<SYMBOL> QH <ASPECT> กำไร <OPINION> เหลือ <NEG>
JASIF พอร์ตลงทุนติดลบ ฉุดงบ Q3 พลิกขาดทุนหมื่นล้าน,<SYMBOL> JASIF <ASPECT> พอร์ตลงทุน <OPINION> ติดลบ <NEG>
JASIF พอร์ตลงทุนติดลบ ฉุดงบ Q3 พลิกขาดทุนหมื่นล้าน,<SYMBOL> JASIF <ASPECT> งบ <OPINION> ฉุด <NEG>
JASIF พอร์ตลงทุนติดลบ ฉุดงบ Q3 พลิกขาดทุนหมื่นล้าน,<SYMBOL> JASIF <ASPECT> งบ <OPINION> ขาดทุน <NEG>
KCE รายได้ขายหด! กดกำไรไตรมาส 3 เหลือ 519 ล้าน,<SYMBOL> KCE <ASPECT> รายได้ขาย <OPINION> หด <NEG>
KCE รายได้ขายหด! กดกำไรไตรมาส 3 เหลือ 519 ล้าน,<SYMBOL> KCE <ASPECT> กำไร <OPINION> กด <NEG>
SGP ต้นทุนขาย-บริการลด! ดันงบ Q3 พลิกกำไร 1.23 พันล้าน,<SYMBOL> SGP <ASPECT> ต้นทุน <OPINION> ลด <POS>
SGP ต้นทุนขาย-บริการลด! ดันงบ Q3 พลิกกำไร 1.23 พันล้าน,<SYMBOL> SGP <ASPECT> งบ <OPINION> ดัน <POS>
SGP ต้นทุนขาย-บริการลด! ดันงบ Q3 พลิกกำไร 1.23 พันล้าน,<SYMBOL> SGP <ASPECT> งบ <OPINION> กำไร <POS>
AIT รายได้ขาย-บริการหด! กดกำไร Q3 เหลือ 122.15 ล้านบาท,<SYMBOL> AIT <ASPECT> รายได้ <OPINION> หด <NEG>
AIT รายได้ขาย-บริการหด! กดกำไร Q3 เหลือ 122.15 ล้านบาท,<SYMBOL> AIT <ASPECT> กำไร <OPINION> กด <NEG>
INSET ค่าใช้จ่ายลด ดันกำไร Q3 โต 5% แตะ 36 ล้าน,<SYMBOL> INSET <ASPECT> ค่าใช้จ่าย <OPINION> ลด <POS>
INSET ค่าใช้จ่ายลด ดันกำไร Q3 โต 5% แตะ 36 ล้าน,<SYMBOL> INSET <ASPECT> กำไร <OPINION> ดัน <POS>
INSET ค่าใช้จ่ายลด ดันกำไร Q3 โต 5% แตะ 36 ล้าน,<SYMBOL> INSET <ASPECT> กำไร <OPINION> โต <POS>
BCPG กำไรไตรมาส 3 แตะ 564 ล้านบาท บุ๊กส่วนแบ่งโรงไฟฟ้าหนุน,<SYMBOL> BCPG <ASPECT> กำไร <OPINION> แตะ <NEU>
BCPG กำไรไตรมาส 3 แตะ 564 ล้านบาท บุ๊กส่วนแบ่งโรงไฟฟ้าหนุน,<SYMBOL> BCPG <ASPECT> บุ๊กส่วนแบ่งโรงไฟฟ้า <OPINION> หนุน <POS>
AP รายได้ขายอสังหาฯพุ่ง! ดันกำไร Q3 แตะ 1.7 พันล้าน โต 19%,<SYMBOL> AP <ASPECT> รายได้ <OPINION> พุ่ง <POS>
AP รายได้ขายอสังหาฯพุ่ง! ดันกำไร Q3 แตะ 1.7 พันล้าน โต 19%,<SYMBOL> AP <ASPECT> กำไร <OPINION> ดัน <POS>
AP รายได้ขายอสังหาฯพุ่ง! ดันกำไร Q3 แตะ 1.7 พันล้าน โต 19%,<SYMBOL> AP <ASPECT> กำไร <OPINION> โต <POS>
DCC รายได้ขายกระเบื้องหด กดกำไร Q3 เหลือ 296 ล้าน,<SYMBOL> DCC <ASPECT> รายได้ <OPINION> หด <NEG>
DCC รายได้ขายกระเบื้องหด กดกำไร Q3 เหลือ 296 ล้าน,<SYMBOL> DCC <ASPECT> กำไร <OPINION> กด <NEG>
สรุป SET100 เช้านี้ NEX บวกสูงสุด 3%,<SYMBOL> NEX <OPINION> บวกสูงสุด <NEU>
THREL โชว์งบ Q3 กำไร 30 ล้าน อานิสงส์เบี้ยรับโต 25%,<SYMBOL> THREL <ASPECT> งบ <OPINION> โชว์ <POS>
THREL โชว์งบ Q3 กำไร 30 ล้าน อานิสงส์เบี้ยรับโต 25%,<SYMBOL> THREL <ASPECT> งบ <OPINION> กำไร <POS>
THREL โชว์งบ Q3 กำไร 30 ล้าน อานิสงส์เบี้ยรับโต 25%,<SYMBOL> THREL <ASPECT> เบี้ยรับ <OPINION> โต <POS>
COCOCO บวก 3% เก็งงบ Q3 แจ่ม ลุ้นทั้งปีรายได้โตเข้าเป้า 30%,<SYMBOL> COCOCO <OPINION> บวก <POS>
COCOCO บวก 3% เก็งงบ Q3 แจ่ม ลุ้นทั้งปีรายได้โตเข้าเป้า 30%,<SYMBOL> COCOCO <ASPECT> งบ <OPINION> แจ่ม <POS>
COCOCO บวก 3% เก็งงบ Q3 แจ่ม ลุ้นทั้งปีรายได้โตเข้าเป้า 30%,<SYMBOL> COCOCO <ASPECT> รายได้ <OPINION> โตเข้าเป้า <POS>
KEX ร่วง 4% โบรกหั่นเป้าเหลือ 4.80 บ. หลังงบ Q3 ขาดทุนเพิ่ม 889 ล้านบาท,<SYMBOL> KEX <OPINION> ร่วง <NEG>
KEX ร่วง 4% โบรกหั่นเป้าเหลือ 4.80 บ. หลังงบ Q3 ขาดทุนเพิ่ม 889 ล้านบาท,<SYMBOL> KEX <ASPECT> เป้า <OPINION> หั่น <NEG>
KEX ร่วง 4% โบรกหั่นเป้าเหลือ 4.80 บ. หลังงบ Q3 ขาดทุนเพิ่ม 889 ล้านบาท,<SYMBOL> KEX <ASPECT> งบ <OPINION> ขาดทุน <NEG>
TIDLOR บวกแรง 5% หลังโชว์งบ Q3 กำไร “นิวไฮ” ทะลุพันล้าน,<SYMBOL> TIDLOR <OPINION> บวกแรง <POS>
TIDLOR บวกแรง 5% หลังโชว์งบ Q3 กำไร “นิวไฮ” ทะลุพันล้าน,<SYMBOL> TIDLOR <ASPECT> งบ <OPINION> โชว์ <POS>
TIDLOR บวกแรง 5% หลังโชว์งบ Q3 กำไร “นิวไฮ” ทะลุพันล้าน,<SYMBOL> TIDLOR <ASPECT> งบ <OPINION> กำไร <POS>
TIDLOR บวกแรง 5% หลังโชว์งบ Q3 กำไร “นิวไฮ” ทะลุพันล้าน,<SYMBOL> TIDLOR <ASPECT> กำไร <OPINION> นิวไฮ <POS>
TIDLOR บวกแรง 5% หลังโชว์งบ Q3 กำไร “นิวไฮ” ทะลุพันล้าน,<SYMBOL> TIDLOR <ASPECT> นิวไฮ <OPINION> ทะลุ <POS>
TIDLOR เช่าซื้อ-ค่าฟีพุ่ง ดันกำไร Q3 โต 12% แตะพันล้าน,<SYMBOL> TIDLOR <ASPECT> เช่าซื้อ-ค่าฟี <OPINION> พุ่ง <POS>
TIDLOR เช่าซื้อ-ค่าฟีพุ่ง ดันกำไร Q3 โต 12% แตะพันล้าน,<SYMBOL> TIDLOR <ASPECT> กำไร <OPINION> ดัน <POS>
TIDLOR เช่าซื้อ-ค่าฟีพุ่ง ดันกำไร Q3 โต 12% แตะพันล้าน,<SYMBOL> TIDLOR <ASPECT> กำไร <OPINION> โต <POS>
GPSC ค่าเอฟที-FX พุ่ง ดันกำไร Q3 ทะลุ 1.7 พันล้าน โต 4 เท่าตัว,<SYMBOL> GPSC <ASPECT> ค่าเอฟที-FX <OPINION> พุ่ง <POS>
GPSC ค่าเอฟที-FX พุ่ง ดันกำไร Q3 ทะลุ 1.7 พันล้าน โต 4 เท่าตัว,<SYMBOL> GPSC <ASPECT> กำไร <OPINION> ดัน <POS>
GPSC ค่าเอฟที-FX พุ่ง ดันกำไร Q3 ทะลุ 1.7 พันล้าน โต 4 เท่าตัว,<SYMBOL> GPSC <ASPECT> กำไร <OPINION> โต <POS>
ESSO ไตรมาส 3 พลิกกำไร 4.6 พันล้าน รับค่าการกลั่นฟื้น,<SYMBOL> ESSOI <ASPECT> พลิก <OPINION> กำไร <POS>
Kospi ปิดพุ่ง 6% หลังสั่งห้าม “ขายชอร์ต” เหตุทำตลาดผันผวน,<SYMBOL> Kospi <ASPECT> ปิด <OPINION> พุ่ง <POS>
NER กำไร 9 เดือนแตะพันล้าน รับ “ออเดอร์” ลูกค้าไทย-ตปท. เพิ่ม,<SYMBOL> NER <ASPECT> กำไร <OPINION> แตะ <POS>
NER กำไร 9 เดือนแตะพันล้าน รับ “ออเดอร์” ลูกค้าไทย-ตปท. เพิ่ม,<SYMBOL> NER <ASPECT> ออเดอร์ <OPINION> เพิ่ม <POS>
TU ปิดบวก 2% หลังงบ Q3 สูงกว่าคาด โบรกแนะ “ซื้อ” เป้า 17.50 บาท มองกำไร Q4 พีกสุด,<SYMBOL> TU <ASPECT> ปิด <OPINION> บวก <POS>
TU ปิดบวก 2% หลังงบ Q3 สูงกว่าคาด โบรกแนะ “ซื้อ” เป้า 17.50 บาท มองกำไร Q4 พีกสุด,<SYMBOL> TU <ASPECT> งบ <OPINION> สูงกว่าคาด <POS>
TU ปิดบวก 2% หลังงบ Q3 สูงกว่าคาด โบรกแนะ “ซื้อ” เป้า 17.50 บาท มองกำไร Q4 พีกสุด,<SYMBOL> TU <ASPECT> กำไร <OPINION> พีก <POS>
PRI ปิดพุ่ง 5% เก็งงบ Q3 โตต่อ มั่นใจรายได้ปีนี้เข้าเป้า 1.3 พันล้าน,<SYMBOL> PRI <ASPECT> ปิด <OPINION> พุ่ง <POS>
PRI ปิดพุ่ง 5% เก็งงบ Q3 โตต่อ มั่นใจรายได้ปีนี้เข้าเป้า 1.3 พันล้าน,<SYMBOL> PRI <ASPECT> งบ <OPINION> โตต่อ <POS>
PRI ปิดพุ่ง 5% เก็งงบ Q3 โตต่อ มั่นใจรายได้ปีนี้เข้าเป้า 1.3 พันล้าน,<SYMBOL> PRI <ASPECT> รายได้ <OPINION> เข้าเป้า <POS>
XO ร่วง 13% วิตกปัญหา “ซอสพริก” สหรัฐคลี่คลาย ฉุดยอดส่งออก,<SYMBOL> XO <OPINION> ร่วง <NEG>
XO ร่วง 13% วิตกปัญหา “ซอสพริก” สหรัฐคลี่คลาย ฉุดยอดส่งออก,<SYMBOL> XO <ASPECT> ปัญหา <OPINION> คลี่คลาย <POS>
XO ร่วง 13% วิตกปัญหา “ซอสพริก” สหรัฐคลี่คลาย ฉุดยอดส่งออก,<SYMBOL> XO <ASPECT> ยอดส่งออก <OPINION> ฉุด <NEG>
GFC บวกแรง 6% โบรกอัพกำไรปี 66-67 พ่วงเป้าใหม่ 12 บาท จับตางบ Q3 แจ่ม,<SYMBOL> GFC <OPINION> บวกแรง <POS>
GFC บวกแรง 6% โบรกอัพกำไรปี 66-67 พ่วงเป้าใหม่ 12 บาท จับตางบ Q3 แจ่ม,<SYMBOL> GFC <ASPECT> กำไร <OPINION> อัพ <POS>
GFC บวกแรง 6% โบรกอัพกำไรปี 66-67 พ่วงเป้าใหม่ 12 บาท จับตางบ Q3 แจ่ม,<SYMBOL> GFC <ASPECT> งบ <OPINION> จับตา <POS>
GFC บวกแรง 6% โบรกอัพกำไรปี 66-67 พ่วงเป้าใหม่ 12 บาท จับตางบ Q3 แจ่ม,<SYMBOL> GFC <ASPECT> งบ <OPINION> แจ่ม <POS>
MENA บวก 4% โบรกแนะ “ซื้อ” เป้า 2.76 บ. ลุ้นกำไร Q3 โต 60% แตะ 18 ล้าน,<SYMBOL> MENA <OPINION> บวก <POS>
MENA บวก 4% โบรกแนะ “ซื้อ” เป้า 2.76 บ. ลุ้นกำไร Q3 โต 60% แตะ 18 ล้าน,<SYMBOL> MENA <ASPECT> กำไร <OPINION> โต <POS>
MENA บวก 4% โบรกแนะ “ซื้อ” เป้า 2.76 บ. ลุ้นกำไร Q3 โต 60% แตะ 18 ล้าน,<SYMBOL> MENA <ASPECT> กำไร <OPINION> แตะ <POS>
TU โชว์กำไร Q3 แตะ 1.2 พันล้าน “ทริส” คงเรทติ้งองค์กร-หุ้นกู้ ระดับ A+,<SYMBOL> TU <ASPECT> กำไร <OPINION> โชว์ <POS>
TU โชว์กำไร Q3 แตะ 1.2 พันล้าน “ทริส” คงเรทติ้งองค์กร-หุ้นกู้ ระดับ A+,<SYMBOL> TU <ASPECT> เรทติ้ง <OPINION> A+ <POS>
MAJOR จับตากำไร Q3 โตแรงกว่า 3 เท่าตัว แนะซื้อเป้า 19.10 บาท,<SYMBOL> MAJOR <ASPECT> กำไร <OPINION> จับตา <POS>
MAJOR จับตากำไร Q3 โตแรงกว่า 3 เท่าตัว แนะซื้อเป้า 19.10 บาท,<SYMBOL> MAJOR <ASPECT> กำไร <OPINION> โตแรงกว่า <POS>
สรุปกระดานรายใหญ่เช้านี้ TU มูลค่าสูงสุด 20 ล้านบาท,<SYMBOL> TU <ASPECT> มูลค่า <OPINION> สูงสุด <NEU>
สรุป SET100 เช้านี้ CBG บวกสูงสุด 4%,<SYMBOL> CBG <OPINION> บวกสูงสุด <POS>
JPARK ปิดเช้าบวก 3% ส่งซิกครึ่งปีหลังแจ่ม! โบรกฯเชียร์ “ซื้อ” เป้าราคา 6.40 บาท,<SYMBOL> JPARK <ASPECT> ปิด <OPINION> บวก <POS>
JPARK ปิดเช้าบวก 3% ส่งซิกครึ่งปีหลังแจ่ม! โบรกฯเชียร์ “ซื้อ” เป้าราคา 6.40 บาท,<SYMBOL> JPARK <OPINION> แจ่ม <POS>
JPARK ปิดเช้าบวก 3% ส่งซิกครึ่งปีหลังแจ่ม! โบรกฯเชียร์ “ซื้อ” เป้าราคา 6.40 บาท,<SYMBOL> JPARK <ASPECT> โบรกเชียร์ <OPINION> ซื้อ <POS>
PSP บวกแรง 12% ผู้บริหารย้ำครึ่งปีหลังสดใส ดันรายได้โต 5%,<SYMBOL> PSP <OPINION> บวกแรง <POS>
PSP บวกแรง 12% ผู้บริหารย้ำครึ่งปีหลังสดใส ดันรายได้โต 5%,<SYMBOL> PSP <OPINION> สดใส <POS>
PSP บวกแรง 12% ผู้บริหารย้ำครึ่งปีหลังสดใส ดันรายได้โต 5%,<SYMBOL> PSP <ASPECT> รายได้ <OPINION> โต <POS>
TKN บวก 3% โบรกแนะซื้อเป้า 15 บ. มั่นใจรายได้ปีนี้โตไม่ต่ำกว่า 20%,<SYMBOL> TKN <OPINION> บวก <POS>
TKN บวก 3% โบรกแนะซื้อเป้า 15 บ. มั่นใจรายได้ปีนี้โตไม่ต่ำกว่า 20%,<SYMBOL> TKN <ASPECT> รายได้ <OPINION> มั่นใจ <POS>
TKN บวก 3% โบรกแนะซื้อเป้า 15 บ. มั่นใจรายได้ปีนี้โตไม่ต่ำกว่า 20%,<SYMBOL> TKN <ASPECT> รายได้ <OPINION> โต <POS>
KCE บวก 3% โบรกชี้ผ่านจุดต่ำสุด ลุ้นครึ่งปีหลังฟื้นรับ “ไฮซีซั่น” ชูเป้า 49 บ.,<SYMBOL> KCE <OPINION> บวก <POS>
KCE บวก 3% โบรกชี้ผ่านจุดต่ำสุด ลุ้นครึ่งปีหลังฟื้นรับ “ไฮซีซั่น” ชูเป้า 49 บ.,<SYMBOL> KCE <ASPECT> ไฮซีซั่น <OPINION> ฟื้นรับ <POS>
SAFE บวก 6% มั่นใจรายได้ปี 66 โต 30% แย้มแผนขยาย 2 สาขา มูลค่า 250 ล้าน,<SYMBOL> SAFE <OPINION> บวก <POS>
SAFE บวก 6% มั่นใจรายได้ปี 66 โต 30% แย้มแผนขยาย 2 สาขา มูลค่า 250 ล้าน,<SYMBOL> SAFE <ASPECT> รายได้ <OPINION> มั่นใจ <POS>
SAFE บวก 6% มั่นใจรายได้ปี 66 โต 30% แย้มแผนขยาย 2 สาขา มูลค่า 250 ล้าน,<SYMBOL> SAFE <ASPECT> รายได้ <OPINION> โต <POS>
AAV บวก 3% ลุ้นผลงาน Q4 ฟื้นแกร่ง รับนักท่องเที่ยวพุ่ง โบรกชูเป้า 3 บ.,<SYMBOL> AAV <OPINION> บวก <POS>
AAV บวก 3% ลุ้นผลงาน Q4 ฟื้นแกร่ง รับนักท่องเที่ยวพุ่ง โบรกชูเป้า 3 บ.,<SYMBOL> AAV <ASPECT> ผลงาน <OPINION> ฟื้นแกร่ง <POS>
AAV บวก 3% ลุ้นผลงาน Q4 ฟื้นแกร่ง รับนักท่องเที่ยวพุ่ง โบรกชูเป้า 3 บ.,<SYMBOL> AAV <ASPECT> นักท่องเที่ยว <OPINION> พุ่ง <POS>
CBG บวก 4% โบรกชูเป้า 109 บาท มองกำไร Q3 โตแตะ 553 ล้านบาท,<SYMBOL> CBG <OPINION> บวก <POS>
CBG บวก 4% โบรกชูเป้า 109 บาท มองกำไร Q3 โตแตะ 553 ล้านบาท,<SYMBOL> CBG <ASPECT> มอง <OPINION> กำไร <POS>
APP วิ่งแรง 17% หลังโชว์กำไร Q3 ทะลุ 20 ล้าน รับรายได้โตเด่น,<SYMBOL> APP <OPINION> วิ่งแรง <POS>
APP วิ่งแรง 17% หลังโชว์กำไร Q3 ทะลุ 20 ล้าน รับรายได้โตเด่น,<SYMBOL> APP <ASPECT> กำไร <OPINION> โชว์ <POS>
APP วิ่งแรง 17% หลังโชว์กำไร Q3 ทะลุ 20 ล้าน รับรายได้โตเด่น,<SYMBOL> APP <ASPECT> รายได้ <OPINION> โตเด่น <POS>
RPH รายได้ผู้ป่วยพุ่ง ดันกำไร Q3 โต 18% แตะ 66 ล้าน,<SYMBOL> RPH <ASPECT> รายได้ <OPINION> พุ่ง <POS>
RPH รายได้ผู้ป่วยพุ่ง ดันกำไร Q3 โต 18% แตะ 66 ล้าน,<SYMBOL> RPH <ASPECT> กำไร <OPINION> ดัน <POS>
RPH รายได้ผู้ป่วยพุ่ง ดันกำไร Q3 โต 18% แตะ 66 ล้าน,<SYMBOL> RPH <ASPECT> กำไร <OPINION> โต <POS>
APP รายได้บริการทะลัก! ดันกำไร Q3 โต 81% แตะ 20 ล้าน,<SYMBOL> APP <ASPECT> รายได้ <OPINION> ทะลัก <POS>
APP รายได้บริการทะลัก! ดันกำไร Q3 โต 81% แตะ 20 ล้าน,<SYMBOL> APP <ASPECT> กำไร <OPINION> ดัน <POS>
APP รายได้บริการทะลัก! ดันกำไร Q3 โต 81% แตะ 20 ล้าน,<SYMBOL> APP <ASPECT> กำไร <OPINION> โต <POS>
KBANK คุณภาพสินทรัพย์ดีขึ้น,<SYMBOL> KBANK <ASPECT> คุณภาพ <OPINION> ดีขึ้น <POS>
SPA นวดกำไรโตทุกไตรมาส,<SYMBOL> SPA <ASPECT> กำไร <OPINION> โต <POS>
PSL รายได้ค่าระวางเรือหด ฉุดกำไร Q3 วูบ 93% เหลือ 98 ล้านบาท,<SYMBOL> PSL <ASPECT> รายได้ <OPINION> หด <NEG>
PSL รายได้ค่าระวางเรือหด ฉุดกำไร Q3 วูบ 93% เหลือ 98 ล้านบาท,<SYMBOL> PSL <ASPECT> กำไร <OPINION> ฉุด <NEG>
PSL รายได้ค่าระวางเรือหด ฉุดกำไร Q3 วูบ 93% เหลือ 98 ล้านบาท,<SYMBOL> PSL <ASPECT> กำไร <OPINION> วูบ <NEG>
HMPRO รายได้ 9 เดือนแรกทะลุ 5 หมื่นลบ. ดันกำไรแตะ 4.7 พันล้าน,<SYMBOL> HMPRO <ASPECT> รายได้ <OPINION> ทะลุ <POS>
HMPRO รายได้ 9 เดือนแรกทะลุ 5 หมื่นลบ. ดันกำไรแตะ 4.7 พันล้าน,<SYMBOL> HMPRO <ASPECT> กำไร <OPINION> ดัน <POS>
THCOM โชว์กำไร 9 เดือนแรกเฉียด 660 ล้าน โต 37% รับรายได้ชดเชยข้อพิพาท,<SYMBOL> THCOM <ASPECT> กำไร <OPINION> โชว์ <POS>
THCOM โชว์กำไร 9 เดือนแรกเฉียด 660 ล้าน โต 37% รับรายได้ชดเชยข้อพิพาท,<SYMBOL> THCOM <ASPECT> กำไร <OPINION> เฉียด <POS>
THCOM โชว์กำไร 9 เดือนแรกเฉียด 660 ล้าน โต 37% รับรายได้ชดเชยข้อพิพาท,<SYMBOL> THCOM <ASPECT> กำไร <OPINION> โต <POS>
สรุปกระดานรายใหญ่วันนี้ TIDLOR มูลค่าสูงสุด 182 ล้านบาท,<SYMBOL> TIDLOR <ASPECT> มูลค่า <OPINION> สูงสุด <NEU>
สรุป SET100 วันนี้ GPSC บวกสูงสุด 7%,<SYMBOL> GPSC <OPINION> บวกสูงสุด <POS>
EGCO ปลื้ม! นักลงทุนตอบรับ “กรีนบอนด์” ดีเยี่ยม ยอดจองเกินเป้า 3 เท่าตัว,<SYMBOL> EGCO <ASPECT> นักลงทุนตอบรับ <OPINION> ปลื้ม <POS>
EGCO ปลื้ม! นักลงทุนตอบรับ “กรีนบอนด์” ดีเยี่ยม ยอดจองเกินเป้า 3 เท่าตัว,<SYMBOL> EGCO <ASPECT> นักลงทุนตอบรับ <OPINION> ดีเยี่ยม <POS>
EGCO ปลื้ม! นักลงทุนตอบรับ “กรีนบอนด์” ดีเยี่ยม ยอดจองเกินเป้า 3 เท่าตัว,<SYMBOL> EGCO <ASPECT> ยอดจอง <OPINION> เกินเป้า <POS>
ASW จับตางบ Q3 กำไรแตะ 181 ล้าน พร้อมลุ้น Q4 เด่นต่อ โบรกแนะซื้อเป้า 10 บาท,<SYMBOL> ASW <ASPECT> งบ <OPINION> กำไร <POS>
ASW จับตางบ Q3 กำไรแตะ 181 ล้าน พร้อมลุ้น Q4 เด่นต่อ โบรกแนะซื้อเป้า 10 บาท,<SYMBOL> ASW <ASPECT> กำไร <OPINION> แตะ <POS>
ASW จับตางบ Q3 กำไรแตะ 181 ล้าน พร้อมลุ้น Q4 เด่นต่อ โบรกแนะซื้อเป้า 10 บาท,<SYMBOL> ASW <ASPECT> Q4 <OPINION> เด่นต่อ <POS>
สรุปกระดานรายใหญ่เช้านี้ AP มูลค่าสูงสุด 177 ล้านบาท,<SYMBOL> AP <ASPECT> มูลค่า <OPINION> สูงสุด <NEU>
สรุป SET100 เช้านี้ VGI บวกสูงสุด 28 ล้านบาท,<SYMBOL> VGI <ASPECT> มูลค่า <OPINION> สูงสุด <NEU>
ONEE บวก 3 วันพุ่ง 10% ลุ้นกำไร Q3 โต รับรายได้อีเวนต์ โบรกชูเป้า 5.90 บ.,<SYMBOL> ONEE <OPINION> พุ่ง <POS>
ONEE บวก 3 วันพุ่ง 10% ลุ้นกำไร Q3 โต รับรายได้อีเวนต์ โบรกชูเป้า 5.90 บ.,<SYMBOL> ONEE <ASPECT> กำไร <OPINION> โต <POS>
ONEE บวก 3 วันพุ่ง 10% ลุ้นกำไร Q3 โต รับรายได้อีเวนต์ โบรกชูเป้า 5.90 บ.,<SYMBOL> ONEE <ASPECT> รายได้ <OPINION> รับ <POS>
ITC วิ่งต่อ 4% โบรกอัพเป้าใหม่ 24 บ. ลุ้น Q4 โตต่อ รับยอดขายฟื้น-ต้นทุนลด,<SYMBOL> ITC <OPINION> วิ่งต่อ <POS>
ITC วิ่งต่อ 4% โบรกอัพเป้าใหม่ 24 บ. ลุ้น Q4 โตต่อ รับยอดขายฟื้น-ต้นทุนลด,<SYMBOL> ITC <ASPECT> Q4 <OPINION> โตต่อ <POS>
ITC วิ่งต่อ 4% โบรกอัพเป้าใหม่ 24 บ. ลุ้น Q4 โตต่อ รับยอดขายฟื้น-ต้นทุนลด,<SYMBOL> ITC <ASPECT> ยอดขาย <OPINION> ฟื้น <POS>
ITC วิ่งต่อ 4% โบรกอัพเป้าใหม่ 24 บ. ลุ้น Q4 โตต่อ รับยอดขายฟื้น-ต้นทุนลด,<SYMBOL> ITC <ASPECT> ต้นทุน <OPINION> ลด <POS>
NEX แรลลี่ 3 วันพุ่ง 16% แย้มโค้งท้ายสดใส มั่นใจดันผลงานปีนี้ “นิวไฮ”,<SYMBOL> NEX <OPINION> แรลลี่ <POS>
NEX แรลลี่ 3 วันพุ่ง 16% แย้มโค้งท้ายสดใส มั่นใจดันผลงานปีนี้ “นิวไฮ”,<SYMBOL> NEX <OPINION> พุ่ง <POS>
NEX แรลลี่ 3 วันพุ่ง 16% แย้มโค้งท้ายสดใส มั่นใจดันผลงานปีนี้ “นิวไฮ”,<SYMBOL> NEX <ASPECT> ผลงาน <OPINION> มั่นใจดัน <POS>
NEX แรลลี่ 3 วันพุ่ง 16% แย้มโค้งท้ายสดใส มั่นใจดันผลงานปีนี้ “นิวไฮ”,<SYMBOL> NEX <ASPECT> ผลงาน <OPINION> นิวไฮ <POS>
XO บวก 2% ทะลุเป้า 33 บาท ย้ำยอดขายปีนี้โต 30% ดันกำไรแตะ 636 ล้านบาท,<SYMBOL> XO <OPINION> บวก <POS>
XO บวก 2% ทะลุเป้า 33 บาท ย้ำยอดขายปีนี้โต 30% ดันกำไรแตะ 636 ล้านบาท,<SYMBOL> XO <ASPECT> เป้า <OPINION> ทะลุ <POS>
XO บวก 2% ทะลุเป้า 33 บาท ย้ำยอดขายปีนี้โต 30% ดันกำไรแตะ 636 ล้านบาท,<SYMBOL> XO <ASPECT> ยอดขาย <OPINION> โต <POS>
XO บวก 2% ทะลุเป้า 33 บาท ย้ำยอดขายปีนี้โต 30% ดันกำไรแตะ 636 ล้านบาท,<SYMBOL> XO <ASPECT> กำไร <OPINION> ดัน <POS>
XO บวก 2% ทะลุเป้า 33 บาท ย้ำยอดขายปีนี้โต 30% ดันกำไรแตะ 636 ล้านบาท,<SYMBOL> XO <ASPECT> กำไร <OPINION> แตะ <POS>
BGRIM ควง GPSC วิ่งคึก 3 วันติด! จับตางบ Q3 หรู ต้นทุนก๊าซลด ดันกำไรพุ่ง,<SYMBOL> BGRIM <OPINION> วิ่งคึก <POS>
BGRIM ควง GPSC วิ่งคึก 3 วันติด! จับตางบ Q3 หรู ต้นทุนก๊าซลด ดันกำไรพุ่ง,<SYMBOL> GPSC <OPINION> วิ่งคึก <POS>
BGRIM ควง GPSC วิ่งคึก 3 วันติด! จับตางบ Q3 หรู ต้นทุนก๊าซลด ดันกำไรพุ่ง,<SYMBOL> BGRIM <ASPECT> งบ <OPINION> หรู <POS>
BGRIM ควง GPSC วิ่งคึก 3 วันติด! จับตางบ Q3 หรู ต้นทุนก๊าซลด ดันกำไรพุ่ง,<SYMBOL> GPSC <ASPECT> งบ <OPINION> หรู <POS>
BGRIM ควง GPSC วิ่งคึก 3 วันติด! จับตางบ Q3 หรู ต้นทุนก๊าซลด ดันกำไรพุ่ง,<SYMBOL> BGRIM <ASPECT> ต้นทุน <OPINION> ลด <POS>
BGRIM ควง GPSC วิ่งคึก 3 วันติด! จับตางบ Q3 หรู ต้นทุนก๊าซลด ดันกำไรพุ่ง,<SYMBOL> BGRIM <ASPECT> กำไร <OPINION> พุ่ง <POS>
MCA วิ่งต่อ 4% ย้ำรายได้ Q3 สดใสรับเศรษฐกิจฟื้น ลุ้นงาน “เป๊ปซี่-โคล่า” ดันผลงานโตต่อ,<SYMBOL> MCA <OPINION> วิ่งต่อ <POS>
MCA วิ่งต่อ 4% ย้ำรายได้ Q3 สดใสรับเศรษฐกิจฟื้น ลุ้นงาน “เป๊ปซี่-โคล่า” ดันผลงานโตต่อ,<SYMBOL> MCA <ASPECT> รายได้ <OPINION> ย้ำ <POS>
MCA วิ่งต่อ 4% ย้ำรายได้ Q3 สดใสรับเศรษฐกิจฟื้น ลุ้นงาน “เป๊ปซี่-โคล่า” ดันผลงานโตต่อ,<SYMBOL> MCA <ASPECT> รายได้ <OPINION> สดใส <POS>
MCA วิ่งต่อ 4% ย้ำรายได้ Q3 สดใสรับเศรษฐกิจฟื้น ลุ้นงาน “เป๊ปซี่-โคล่า” ดันผลงานโตต่อ,<SYMBOL> MCA <ASPECT> เศรษฐกิจ <OPINION> ฟื้น <POS>
MCA วิ่งต่อ 4% ย้ำรายได้ Q3 สดใสรับเศรษฐกิจฟื้น ลุ้นงาน “เป๊ปซี่-โคล่า” ดันผลงานโตต่อ,<SYMBOL> MCA <ASPECT> ผลงาน <OPINION> โตต่อ <POS>
จับตา SMT เด้ง! รับแผนซื้อหุ้นคืน 55 ล้านหุ้น วงเงิน 250 ลบ.,<SYMBOL> SMT <ASPECT> ซื้อหุ้นคืน <OPINION> เด้ง <POS>
DIF เคาะปันผล 0.2264 บาท ขึ้น XD 14 พ.ย.66,<SYMBOL> DIF <ASPECT> ปันผล <OPINION> เคาะ <NEU>
BTS โชว์ยอดขาย “หุ้นกู้” ทะลุ 1.5 หมื่นล้าน ตอกย้ำความเชื่อมั่น,<SYMBOL> BTS <ASPECT> ยอดขาย <OPINION> โชว์ <POS>
สรุปกระดานรายใหญ่วันนี้ NRF มูลค่าสูงสุด102 ล้านบาท,<SYMBOL> NRF <ASPECT> มูลค่า <OPINION> สูงสุด <NEU>
สรุป SET100 วันนี้ BYD บวกสูงสุด 12%,<SYMBOL> BYD <OPINION> บวกสูงสุด <POS>
SAPPE ปิดพุ่ง 9% เก็งงบ Q3 นิวไฮ-อานิสงส์ “น้ำตาล” สินค้าควบคุม,<SYMBOL> SAPPE <ASPECT> ปิด <OPINION> พุ่ง <POS>
SAPPE ปิดพุ่ง 9% เก็งงบ Q3 นิวไฮ-อานิสงส์ “น้ำตาล” สินค้าควบคุม,<SYMBOL> SAPPE <ASPECT> งบ <OPINION> นิวไฮ <POS>
LPN รายได้อสังหาฯวูบ! กดกำไร Q3 เหลือ 103 ล้าน,<SYMBOL> LPN <ASPECT> รายได้ <OPINION> วูบ <NEG>
LPN รายได้อสังหาฯวูบ! กดกำไร Q3 เหลือ 103 ล้าน,<SYMBOL> LPN <ASPECT> กำไร <OPINION> กด <NEG>
สรุปกระดานรายใหญ่เช้านี้ BYD มูลค่าสูงสุด,<SYMBOL> BYD <ASPECT> มูลค่า <OPINION> สูงสุด <NEU>
สรุป SET100 เช้านี้ TIDLOR บวกสูงสุด 8%,<SYMBOL> TIDLOR <OPINION> บวกสูงสุด <POS>
TIDLOR ลุ้นกำไร Q3 เฉียดพันล้าน รับสินเชื่อรถยนต์-มอเตอไซค์พุ่ง,<SYMBOL> TIDLOR <ASPECT> กำไร <OPINION> เฉียด <POS>
TIDLOR ลุ้นกำไร Q3 เฉียดพันล้าน รับสินเชื่อรถยนต์-มอเตอไซค์พุ่ง,<SYMBOL> TIDLOR <ASPECT> สินเชื่อ <OPINION> พุ่ง <POS>
BA ปิดเด้ง 4% ลุ้นกำไร Q3 แตะ 1.7 พันล้าน รับไฮซีซั่นเกาะสมุย,<SYMBOL> BA <ASPECT> ปิด <OPINION> เด้ง <POS>
BA ปิดเด้ง 4% ลุ้นกำไร Q3 แตะ 1.7 พันล้าน รับไฮซีซั่นเกาะสมุย,<SYMBOL> BA <ASPECT> กำไร <OPINION> แตะ <POS>
JPARK ลั่น! ผลงาน Q4 โตต่อ รับรายได้บริการ “จอดรถ” พุ่ง,<SYMBOL> JPARK <ASPECT> ผลงาน <OPINION> โตต่อ <POS>
JPARK ลั่น! ผลงาน Q4 โตต่อ รับรายได้บริการ “จอดรถ” พุ่ง,<SYMBOL> JPARK <ASPECT> รายได้ <OPINION> พุ่ง <POS>
EA-NEX บวกคึก! อานิสงส์บอร์ด “อีวี” ไฟเขียวมาตรการ EV3.5,<SYMBOL> EA-NEX <OPINION> บวกคึก <POS>
GPSC บวก 3% ลุ้นกำไร Q3 โตรับต้นทุนลด-รฟฟ.ไซยะบุรีเข้าไฮซีซั่น,<SYMBOL> GPSC <ASPECT> กำไร <OPINION> บวก <POS>
GPSC บวก 3% ลุ้นกำไร Q3 โตรับต้นทุนลด-รฟฟ.ไซยะบุรีเข้าไฮซีซั่น,<SYMBOL> GPSC <ASPECT> กำไร <OPINION> โต <POS>
GPSC บวก 3% ลุ้นกำไร Q3 โตรับต้นทุนลด-รฟฟ.ไซยะบุรีเข้าไฮซีซั่น,<SYMBOL> GPSC <ASPECT> ต้นทุน <OPINION> ลด <POS>
สรุปกระดานรายใหญ่วันนี้ AAV มูลค่าสูงสุด 313 ล้านบาท,<SYMBOL> AAV <ASPECT> มูลค่า <OPINION> สูงสุด <NEU>
สรุป SET100 วันนี้ GUNKUL บวกสูงสุด 8%,<SYMBOL> GUNKUL <OPINION> บวกสูงสุด <POS>
COM7 วิ่ง 3% โบรกแนะ “ซื้อ” ชูเป้า 38.70 บาท ลุ้นกำไร Q3 แตะ 800 ล้าน,<SYMBOL> COM7 <OPINION> วิ่ง <POS>
COM7 วิ่ง 3% โบรกแนะ “ซื้อ” ชูเป้า 38.70 บาท ลุ้นกำไร Q3 แตะ 800 ล้าน,<SYMBOL> COM7 <ASPECT> กำไร <OPINION> แตะ <POS>
BE8 เด้งแรง 6% เก็งงบ Q3 นิวไฮ โบรกแนะซื้อเป้า 74 บ. อัพไซด์สูงเกิน 100%,<SYMBOL> BE8 <OPINION> เด้งแรง <POS>
BE8 เด้งแรง 6% เก็งงบ Q3 นิวไฮ โบรกแนะซื้อเป้า 74 บ. อัพไซด์สูงเกิน 100%,<SYMBOL> BE8 <ASPECT> งบ <OPINION> นิวไฮ <POS>
BE8 เด้งแรง 6% เก็งงบ Q3 นิวไฮ โบรกแนะซื้อเป้า 74 บ. อัพไซด์สูงเกิน 100%,<SYMBOL> BE8 <ASPECT> อัพไซด์ <OPINION> สูง <POS>
BYD ดีด 5% รับปรับโครงสร้างขึ้น “โฮลดิ้ง” เสริมการบริหารธุรกิจ,<SYMBOL> BYD <OPINION> ดีด <POS>
GUNKUL ดีดแรง 9% รับแผนควัก 1.12 พันล้าน ซื้อคืน 380 ล้านหุ้น,<SYMBOL> GUNKUL <OPINION> ดีดแรง <POS>
ORN บวก 3% โบรกชูเป้า 1.74 บาท มองกำไรปี 67 โตเด่น 44%,<SYMBOL> ORN <OPINION> บวก <POS>
ORN บวก 3% โบรกชูเป้า 1.74 บาท มองกำไรปี 67 โตเด่น 44%,<SYMBOL> ORN <ASPECT> กำไร <OPINION> โตเด่น <POS>
โบรกเชียร์ “ซื้อ” PLANB ชูเป้า 10.70 บ. ลุ้นกำไร Q3 แตะ 240 ล้าน รับโฆษณานอกบ้านหนุน,<SYMBOL> WHA <ASPECT> จัดเรตติ้ง <OPINION> ปลื้ม <POS>
WHA ปลื้ม “ทริส” จัดเรตติ้ง A- แนวโน้ม “คงที่” สะท้อนผลงานโตแกร่ง,<SYMBOL> WHA <ASPECT> แนวโน้ม <OPINION> คงที่ <NEU>
WHA ปลื้ม “ทริส” จัดเรตติ้ง A- แนวโน้ม “คงที่” สะท้อนผลงานโตแกร่ง,<SYMBOL> WHA <ASPECT> ผลงาน <OPINION> โตแกร่ง <POS>
NCL เด้งชนซิลลิ่ง! หลังฟลอร์ 3 วันติด ผู้บริหารย้ำธุรกิจเดินหน้าตามแผน-ฐานะการเงินปกติ,<SYMBOL> NCL <ASPECT> ซิลลิ่ง <OPINION> เด้งชน <POS>
NCL เด้งชนซิลลิ่ง! หลังฟลอร์ 3 วันติด ผู้บริหารย้ำธุรกิจเดินหน้าตามแผน-ฐานะการเงินปกติ,<SYMBOL> NCL <OPINION> ฟลอร์ <NEG>
NCL เด้งชนซิลลิ่ง! หลังฟลอร์ 3 วันติด ผู้บริหารย้ำธุรกิจเดินหน้าตามแผน-ฐานะการเงินปกติ,<SYMBOL> NCL <ASPECT> แผน <OPINION> เดินหน้า <POS>
NCL เด้งชนซิลลิ่ง! หลังฟลอร์ 3 วันติด ผู้บริหารย้ำธุรกิจเดินหน้าตามแผน-ฐานะการเงินปกติ,<SYMBOL> NCL <ASPECT> ฐานะการเงิน <OPINION> ปกติ <NEU>
JPARK วิ่ง 4 วันพุ่ง 15% โบรกเชียร์ “ซื้อ” เป้า 6.40 บาท อัพไซด์พุ่ง 44%,<SYMBOL> JPARK <OPINION> วิ่ง <POS>
JPARK วิ่ง 4 วันพุ่ง 15% โบรกเชียร์ “ซื้อ” เป้า 6.40 บาท อัพไซด์พุ่ง 44%,<SYMBOL> JPARK <ASPECT> โบรกเชียร์ <OPINION> ซื้อ <POS>
JPARK วิ่ง 4 วันพุ่ง 15% โบรกเชียร์ “ซื้อ” เป้า 6.40 บาท อัพไซด์พุ่ง 44%,<SYMBOL> JPARK <ASPECT> อัพไซด์ <OPINION> พุ่ง <POS>
จับตา GUNKUL ดีดบวก! รับแผนซื้อหุ้นคืน 380 ล้านหุ้น วงเงิน 1.12 พันลบ.,<SYMBOL> GUNKUL <OPINION> จับตา <POS>
จับตา GUNKUL ดีดบวก! รับแผนซื้อหุ้นคืน 380 ล้านหุ้น วงเงิน 1.12 พันลบ.,<SYMBOL> GUNKUL <OPINION> ดีดบวก <POS>
ADVANC คู่แข่งลด-ค่าใช้จ่ายหาย,<SYMBOL> ADVANC <ASPECT> คู่แข่ง <OPINION> ลด <POS>
ADVANC คู่แข่งลด-ค่าใช้จ่ายหาย,<SYMBOL> ADVANC <ASPECT> ค่าใช้จ่าย <OPINION> หาย <POS>
BCP กำไรโดด..ราคาหุ้นเด่น.!,<SYMBOL> BCP <ASPECT> กำไร <OPINION> โดด <POS>
BCP กำไรโดด..ราคาหุ้นเด่น.!,<SYMBOL> BCP <ASPECT> ราคาหุ้น <OPINION> เด่น <POS>
สรุปกระดานรายใหญ่วันนี้ BBL มูลค่าสูงสุด 69 ล้านบาท,<SYMBOL> BBL <ASPECT> มูลค่า <OPINION> สูงสุด <NEU>
สรุป SET100 วันนี้ ACE บวกสูงสุด 6%,<SYMBOL> ACE <OPINION> บวกสูงสุด <POS>
CSR รายได้ธุรกิจสนามกอล์ฟพุ่ง ดันกำไร Q3 โต 30% แตะ 13 ล้าน,<SYMBOL> CSR <ASPECT> รายได้ <OPINION> พุ่ง <POS>
CSR รายได้ธุรกิจสนามกอล์ฟพุ่ง ดันกำไร Q3 โต 30% แตะ 13 ล้าน,<SYMBOL> CSR <ASPECT> กำไร <OPINION> ดัน <POS>
CSR รายได้ธุรกิจสนามกอล์ฟพุ่ง ดันกำไร Q3 โต 30% แตะ 13 ล้าน,<SYMBOL> CSR <ASPECT> กำไร <OPINION> โต <POS>
CSR รายได้ธุรกิจสนามกอล์ฟพุ่ง ดันกำไร Q3 โต 30% แตะ 13 ล้าน,<SYMBOL> CSR <ASPECT> กำไร <OPINION> แตะ <POS>
META ปิดดีลเพิ่มทุน “RO” รับเงิน 95 ล้านบาท เดินหน้าก่อสร้างโรงไฟฟ้า,<SYMBOL> META <ASPECT> ทุน <OPINION> เพิ่ม <POS>
TRP วิ่ง 2% โบรกชูพื้นฐานแกร่ง-ศักยภาพโตสูง ลุ้นโชว์กำไร Q3 ฟื้นเด่น,<SYMBOL> TRP <OPINION> วิ่ง <POS>
TRP วิ่ง 2% โบรกชูพื้นฐานแกร่ง-ศักยภาพโตสูง ลุ้นโชว์กำไร Q3 ฟื้นเด่น,<SYMBOL> TRP <ASPECT> โบรกชู <OPINION> แกร่ง <POS>
TRP วิ่ง 2% โบรกชูพื้นฐานแกร่ง-ศักยภาพโตสูง ลุ้นโชว์กำไร Q3 ฟื้นเด่น,<SYMBOL> TRP <ASPECT> ศักยภาพ <OPINION> โตสูง <POS>
TRP วิ่ง 2% โบรกชูพื้นฐานแกร่ง-ศักยภาพโตสูง ลุ้นโชว์กำไร Q3 ฟื้นเด่น,<SYMBOL> TRP <ASPECT> กำไร <OPINION> ลุ้นโชว์ <POS>
TRP วิ่ง 2% โบรกชูพื้นฐานแกร่ง-ศักยภาพโตสูง ลุ้นโชว์กำไร Q3 ฟื้นเด่น,<SYMBOL> TRP <ASPECT> Q3 <OPINION> ฟื้นเด่น <POS>
SA จ่ายหนี้หุ้นกู้ตามนัด 400 ล้านบาท,<SYMBOL> SA <ASPECT> หนี้หุ้นกู้ <OPINION> จ่าย <POS>
INTUCH โชว์กำไร Q3 โต 32% ทะลุ 3.3 พันล้าน รับรายได้ขายอุปกรณ์-ส่วนแบ่ง AIS พุ่ง,<SYMBOL> INTUCH <ASPECT> กำไร <OPINION> โชว์ <POS>
INTUCH โชว์กำไร Q3 โต 32% ทะลุ 3.3 พันล้าน รับรายได้ขายอุปกรณ์-ส่วนแบ่ง AIS พุ่ง,<SYMBOL> INTUCH <ASPECT> กำไร <OPINION> โต <POS>
INTUCH โชว์กำไร Q3 โต 32% ทะลุ 3.3 พันล้าน รับรายได้ขายอุปกรณ์-ส่วนแบ่ง AIS พุ่ง,<SYMBOL> INTUCH <ASPECT> กำไร <OPINION> ทะลุ <POS>
INTUCH โชว์กำไร Q3 โต 32% ทะลุ 3.3 พันล้าน รับรายได้ขายอุปกรณ์-ส่วนแบ่ง AIS พุ่ง,<SYMBOL> INTUCH <ASPECT> รายได้ <OPINION> พุ่ง <POS>
ITC โบรกแนะนำซื้อเป้า 30 บ. ลุ้นไตรมาส 4/66 กำไรแตะ 800 ล้าน ดันทั้งปีนี้ 2 พันล้าน,<SYMBOL> ITC <ASPECT> โบรกแนะนำ <OPINION> ซื้อ <POS>
ITC โบรกแนะนำซื้อเป้า 30 บ. ลุ้นไตรมาส 4/66 กำไรแตะ 800 ล้าน ดันทั้งปีนี้ 2 พันล้าน,<SYMBOL> ITC <OPINION> ลุ้น <POS>
ITC โบรกแนะนำซื้อเป้า 30 บ. ลุ้นไตรมาส 4/66 กำไรแตะ 800 ล้าน ดันทั้งปีนี้ 2 พันล้าน,<SYMBOL> ITC <ASPECT> กำไร <OPINION> แตะ <POS>
ITC โบรกแนะนำซื้อเป้า 30 บ. ลุ้นไตรมาส 4/66 กำไรแตะ 800 ล้าน ดันทั้งปีนี้ 2 พันล้าน,<SYMBOL> ITC <ASPECT> กำไร <OPINION> ดัน <POS>
CPN ลุ้นกำไรไตรมาส 3/66 แตะ 4 พันล้าน โต 11% ธุรกิจอสังหาริมทรัพย์หนุนเด่น,<SYMBOL> CPN <ASPECT> กำไร <OPINION> ลุ้น <POS>
CPN ลุ้นกำไรไตรมาส 3/66 แตะ 4 พันล้าน โต 11% ธุรกิจอสังหาริมทรัพย์หนุนเด่น,<SYMBOL> CPN <ASPECT> กำไร <OPINION> โต <POS>
CPN ลุ้นกำไรไตรมาส 3/66 แตะ 4 พันล้าน โต 11% ธุรกิจอสังหาริมทรัพย์หนุนเด่น,<SYMBOL> CPN <ASPECT> ธุรกิจ <OPINION> หนุนเด่น <POS>
สรุปกระดานรายใหญ่เช้านี้ NAM มูลค่าสูงสุด 30 ล้านบาท,<SYMBOL> NAM <ASPECT> มูลค่า <OPINION> สูงสุด <NEU>
สรุป SET100 เช้านี้ CBG บวกสูงสุด 1%,<SYMBOL> CBG <OPINION> บวกสูงสุด <POS>
จังหวะเก็บ ORI โบรกชี้ยอดขาย Q3 นิวไฮ 1.2 หมื่นล้าน ชูเป้า 15.10 บาท อัพไซด์พุ่ง 70%,<SYMBOL> ORI <ASPECT> ยอดขาย <OPINION> นิวไฮ <POS>
จังหวะเก็บ ORI โบรกชี้ยอดขาย Q3 นิวไฮ 1.2 หมื่นล้าน ชูเป้า 15.10 บาท อัพไซด์พุ่ง 70%,<SYMBOL> ORI <ASPECT> อัพไซด์ <OPINION> พุ่ง <POS>
JPARK บวกแรง 3% ย้ำรายได้ปีนี้โต 25% ไตรมาส 4 ขยายที่จอดรถเพิ่ม 2-3 พันช่อง,<SYMBOL> JPARK <OPINION> บวกแรง <POS>
JPARK บวกแรง 3% ย้ำรายได้ปีนี้โต 25% ไตรมาส 4 ขยายที่จอดรถเพิ่ม 2-3 พันช่อง,<SYMBOL> JPARK <ASPECT> รายได้ <OPINION> โต <POS>
EA เด้ง 2% ลั่นไร้ปัญหาการเงิน โบรกชูราคาเป้าเฉลี่ย 75.95 บาท,<SYMBOL> EA <OPINION> เด้ง <POS>
EA เด้ง 2% ลั่นไร้ปัญหาการเงิน โบรกชูราคาเป้าเฉลี่ย 75.95 บาท,<SYMBOL> EA <ASPECT> ปัญหา <OPINION> ไร้ <POS>
MCA ดีดบวก 11% จับตาครึ่งปีหลังโต คว้างาน “เป๊ปซี่-โคล่า” 83 ล้าน รับรู้ไตรมาส 4,<SYMBOL> MCA <OPINION> ดีดบวก <POS>
MCA ดีดบวก 11% จับตาครึ่งปีหลังโต คว้างาน “เป๊ปซี่-โคล่า” 83 ล้าน รับรู้ไตรมาส 4,<SYMBOL> MCA <OPINION> โต <POS>
GLOBAL กำไรไตรมาส 3 หด 32% เหลือ 525 ล้าน เซ่นรายได้ขายลด-ต้นทุนพุ่ง,<SYMBOL> GLOBAL <ASPECT> กำไร <OPINION> หด <NEG>
GLOBAL กำไรไตรมาส 3 หด 32% เหลือ 525 ล้าน เซ่นรายได้ขายลด-ต้นทุนพุ่ง,<SYMBOL> GLOBAL <ASPECT> รายได้ <OPINION> ลด <NEG>
GLOBAL กำไรไตรมาส 3 หด 32% เหลือ 525 ล้าน เซ่นรายได้ขายลด-ต้นทุนพุ่ง,<SYMBOL> GLOBAL <ASPECT> ต้นทุน <OPINION> พุ่ง <NEG>
ADVANC บวก 2% ขานรับกำไร Q3 ทะลุ 8 พันล้าน หลังต้นทุน-ค่าใช้จ่ายลด,<SYMBOL> ADVANC <OPINION> บวก <POS>
ADVANC บวก 2% ขานรับกำไร Q3 ทะลุ 8 พันล้าน หลังต้นทุน-ค่าใช้จ่ายลด,<SYMBOL> ADVANC <ASPECT> กำไร <OPINION> ทะลุ <POS>
ADVANC บวก 2% ขานรับกำไร Q3 ทะลุ 8 พันล้าน หลังต้นทุน-ค่าใช้จ่ายลด,<SYMBOL> ADVANC <ASPECT> ต้นทุน <OPINION> ลด <POS>
ADVANC บวก 2% ขานรับกำไร Q3 ทะลุ 8 พันล้าน หลังต้นทุน-ค่าใช้จ่ายลด,<SYMBOL> ADVANC <ASPECT> ค่าใช้จ่าย <OPINION> ลด <POS>
ORN เด้ง 4% ย้ำพื้นฐานแกร่ง เดินหน้า 11 โครงการใหม่กว่าหมื่นล้าน,<SYMBOL> ORN <OPINION> เด้ง <POS>
ORN เด้ง 4% ย้ำพื้นฐานแกร่ง เดินหน้า 11 โครงการใหม่กว่าหมื่นล้าน,<SYMBOL> ORN <ASPECT> พื้นฐาน <OPINION> แกร่ง <POS>
ORN เด้ง 4% ย้ำพื้นฐานแกร่ง เดินหน้า 11 โครงการใหม่กว่าหมื่นล้าน,<SYMBOL> ORN <ASPECT> โครงการ <OPINION> เดินหน้า <POS>
TRUE ร่วง 10% หลังแพ้คดีพิพาท NT อนุญาโตฯ สั่งจ่าย 7 พันล้าน รวมเบี้ยปรับ,<SYMBOL> TRUE <OPINION> ร่วง <NEG>
HMPRO ต้นทุน-ค่าใช้จ่ายพุ่ง กดกำไร Q3 เหลือ 1.53 พันล้าน,<SYMBOL> HMPRO <ASPECT> ต้นทุน <OPINION> พุ่ง <NEG>
HMPRO ต้นทุน-ค่าใช้จ่ายพุ่ง กดกำไร Q3 เหลือ 1.53 พันล้าน,<SYMBOL> HMPRO <ASPECT> ค่าใช้จ่าย <OPINION> พุ่ง <NEG>
HMPRO ต้นทุน-ค่าใช้จ่ายพุ่ง กดกำไร Q3 เหลือ 1.53 พันล้าน,<SYMBOL> HMPRO <ASPECT> กำไร <OPINION> กด <NEG>
EA ปิดร่วง 7% วิตก “กระแสเงินสด” หดตัวจากสต๊อก ฟากผู้บริหารมั่นใจงวด Q4 บุ๊ครายได้สูงขึ้น,<SYMBOL> EA <OPINION> ร่วง <NEG>
EA ปิดร่วง 7% วิตก “กระแสเงินสด” หดตัวจากสต๊อก ฟากผู้บริหารมั่นใจงวด Q4 บุ๊ครายได้สูงขึ้น,<SYMBOL> EA <ASPECT> กระแสเงินสด <OPINION> วิตก <NEG>
EA ปิดร่วง 7% วิตก “กระแสเงินสด” หดตัวจากสต๊อก ฟากผู้บริหารมั่นใจงวด Q4 บุ๊ครายได้สูงขึ้น,<SYMBOL> EA <ASPECT> กระแสเงินสด <OPINION> หดตัว <NEG>
EA ปิดร่วง 7% วิตก “กระแสเงินสด” หดตัวจากสต๊อก ฟากผู้บริหารมั่นใจงวด Q4 บุ๊ครายได้สูงขึ้น,<SYMBOL> EA <OPINION> มั่นใจ <POS>
EA ปิดร่วง 7% วิตก “กระแสเงินสด” หดตัวจากสต๊อก ฟากผู้บริหารมั่นใจงวด Q4 บุ๊ครายได้สูงขึ้น,<SYMBOL> EA <ASPECT> บุ๊ครายได้ <OPINION> สูงขึ้น <POS>
สรุปกระดานรายใหญ่วันนี้ TISCO มูลค่าสูงสุด 87 ล้านบาท,<SYMBOL> TISCO <ASPECT> มูลค่า <OPINION> สูงสุด <NEU>
สรุป SET100 วันนี้ DELTA บวกสูงสุด 7%,<SYMBOL> DELTA <OPINION> บวกสูงสุด <POS>
TRP วิ่ง 2% จับตารายได้ Q4 พีก รับไฮซีซั่น-ออกโปรดักส์ใหม่,<SYMBOL> TRP <OPINION> วิ่ง <POS>
TRP วิ่ง 2% จับตารายได้ Q4 พีก รับไฮซีซั่น-ออกโปรดักส์ใหม่,<SYMBOL> TRP <ASPECT> รายได้ <OPINION> พีก <POS>
RBF บวก 5% เก็งงบ Q3 กำไร “นิวไฮ” โบรกแนะซื้อเป้า 13 บาท,<SYMBOL> RBF <OPINION> บวก <POS>
RBF บวก 5% เก็งงบ Q3 กำไร “นิวไฮ” โบรกแนะซื้อเป้า 13 บาท,<SYMBOL> RBF <ASPECT> งบ <OPINION> กำไร <POS>
RBF บวก 5% เก็งงบ Q3 กำไร “นิวไฮ” โบรกแนะซื้อเป้า 13 บาท,<SYMBOL> RBF <ASPECT> กำไร <OPINION> นิวไฮ <POS>
AAI บวก 9% ธุรกิจผ่านจุดต่ำสุด จับตาครึ่งหลังแจ่ม-ต้นทุนปลาทูน่าลด แนะซื้อเป้า 4.40 บ.,<SYMBOL> AAI <OPINION> บวก <POS>
AAI บวก 9% ธุรกิจผ่านจุดต่ำสุด จับตาครึ่งหลังแจ่ม-ต้นทุนปลาทูน่าลด แนะซื้อเป้า 4.40 บ.,<SYMBOL> AAI <ASPECT> จุดต่ำสุด <OPINION> ผ่าน <POS>
AAI บวก 9% ธุรกิจผ่านจุดต่ำสุด จับตาครึ่งหลังแจ่ม-ต้นทุนปลาทูน่าลด แนะซื้อเป้า 4.40 บ.,<SYMBOL> AAI <ASPECT> ครึ่งหลัง <OPINION> จับตา <POS>
AAI บวก 9% ธุรกิจผ่านจุดต่ำสุด จับตาครึ่งหลังแจ่ม-ต้นทุนปลาทูน่าลด แนะซื้อเป้า 4.40 บ.,<SYMBOL> AAI <ASPECT> ครึ่งหลัง <OPINION> แจ่ม <POS>
AAI บวก 9% ธุรกิจผ่านจุดต่ำสุด จับตาครึ่งหลังแจ่ม-ต้นทุนปลาทูน่าลด แนะซื้อเป้า 4.40 บ.,<SYMBOL> AAI <ASPECT> ต้นทุน <OPINION> ลด <POS>
PSP ดีดกลับ 15% หลังร่วงยาว 5 วัน 50%,<SYMBOL> PSP <OPINION> ดีดกลับ <POS>
PSP ดีดกลับ 15% หลังร่วงยาว 5 วัน 50%,<SYMBOL> PSP <OPINION> ร่วงยาว <NEG>
ITC วิ่ง 11% หลังโชว์ยอดขาย Q3 เฉียด 4 พันล้าน ดันกำไรแตะ 645 ลบ.,<SYMBOL> ITC <OPINION> วิ่ง <POS>
ITC วิ่ง 11% หลังโชว์ยอดขาย Q3 เฉียด 4 พันล้าน ดันกำไรแตะ 645 ลบ.,<SYMBOL> ITC <ASPECT> ยอดขาย <OPINION> โชว์ <POS>
ITC วิ่ง 11% หลังโชว์ยอดขาย Q3 เฉียด 4 พันล้าน ดันกำไรแตะ 645 ลบ.,<SYMBOL> ITC <ASPECT> ยอดขาย <OPINION> เฉียด <POS>
ITC วิ่ง 11% หลังโชว์ยอดขาย Q3 เฉียด 4 พันล้าน ดันกำไรแตะ 645 ลบ.,<SYMBOL> ITC <ASPECT> กำไร <OPINION> ดัน <POS>
ITC วิ่ง 11% หลังโชว์ยอดขาย Q3 เฉียด 4 พันล้าน ดันกำไรแตะ 645 ลบ.,<SYMBOL> ITC <ASPECT> กำไร <OPINION> แตะ <POS>
KCE โบรกแนะซื้อเป้า 64 บาท ลุ้น Q3 โตเด่น 60% รับคำสั่งซื้อสหรัฐ-ยุโรปฟื้นตัว,<SYMBOL> KCE <ASPECT> โบรกแนะ <OPINION> ซื้อ <POS>
KCE โบรกแนะซื้อเป้า 64 บาท ลุ้น Q3 โตเด่น 60% รับคำสั่งซื้อสหรัฐ-ยุโรปฟื้นตัว,<SYMBOL> KCE <ASPECT> Q3 <OPINION> ลุ้น <POS>
KCE โบรกแนะซื้อเป้า 64 บาท ลุ้น Q3 โตเด่น 60% รับคำสั่งซื้อสหรัฐ-ยุโรปฟื้นตัว,<SYMBOL> KCE <ASPECT> Q4 <OPINION> โตเด่น <POS>
KCE โบรกแนะซื้อเป้า 64 บาท ลุ้น Q3 โตเด่น 60% รับคำสั่งซื้อสหรัฐ-ยุโรปฟื้นตัว,<SYMBOL> KCE <ASPECT> คำสั่งซื้อ <OPINION> ฟื้นตัว <POS>
สรุปกระดานซื้อขายรายใหญ่เช้านี้ TRP มูลค่าสูงสุด 15 ล้านบาท,<SYMBOL> TRP <ASPECT> มูลค่า <OPINION> สูงสุด <POS>
สรุป SET100 เช้านี้ DELTA บวกสูงสุด 8%,<SYMBOL> DELTA <OPINION> บวกสูงสุด <POS>
DEMCO มั่นใจผลงานปีนี้โตแกร่ง ตุนแบ็กล็อกแน่น 3.3 พันล้าน รับรู้รายได้ยาว 2 ปี,<SYMBOL> DEMCO <ASPECT> ผลงาน <OPINION> มั่นใจ <POS>
DEMCO มั่นใจผลงานปีนี้โตแกร่ง ตุนแบ็กล็อกแน่น 3.3 พันล้าน รับรู้รายได้ยาว 2 ปี,<SYMBOL> DEMCO <ASPECT> ผลงาน <OPINION> โตแกร่ง <POS>
DEMCO มั่นใจผลงานปีนี้โตแกร่ง ตุนแบ็กล็อกแน่น 3.3 พันล้าน รับรู้รายได้ยาว 2 ปี,<SYMBOL> DEMCO <ASPECT> ตุนแบ็กล็อก <OPINION> แน่น <POS>
ORN แย้มครึ่งปีหลังสดใส! หลังตุน “แบ็กล็อก” 616 ล้านบาท-สยายปีกลุยภูเก็ต,<SYMBOL> ORN <OPINION> สดใส <POS>
ORN แย้มครึ่งปีหลังสดใส! หลังตุน “แบ็กล็อก” 616 ล้านบาท-สยายปีกลุยภูเก็ต,<SYMBOL> ORN <ASPECT> แบ็กล็อก <OPINION> ตุน <POS>
ORN แย้มครึ่งปีหลังสดใส! หลังตุน “แบ็กล็อก” 616 ล้านบาท-สยายปีกลุยภูเก็ต,<SYMBOL> ORN <ASPECT> ลุยภูเก็ต <OPINION> สยายปีก <POS>
MAJOR บวก 2% ลุ้นกำไร Q4 โตเด่น หลังรายได้ “สัปเหร่อ-ธี่หยด” ทะลุ 700 ล้าน,<SYMBOL> MAJOR <OPINION> บวก <POS>
MAJOR บวก 2% ลุ้นกำไร Q4 โตเด่น หลังรายได้ “สัปเหร่อ-ธี่หยด” ทะลุ 700 ล้าน,<SYMBOL> MAJOR <ASPECT> กำไร <OPINION> ลุ้น <POS>
MAJOR บวก 2% ลุ้นกำไร Q4 โตเด่น หลังรายได้ “สัปเหร่อ-ธี่หยด” ทะลุ 700 ล้าน,<SYMBOL> MAJOR <ASPECT> กำไร <OPINION> โตเด่น <POS>
MAJOR บวก 2% ลุ้นกำไร Q4 โตเด่น หลังรายได้ “สัปเหร่อ-ธี่หยด” ทะลุ 700 ล้าน,<SYMBOL> MAJOR <ASPECT> รายได้ <OPINION> ทะลุ <POS>
NCL รูดติดฟลอร์ หวั่น Q3 เสี่ยงขาดทุน,<SYMBOL> NCL <OPINION> รูดติดฟลอร์ <NEG>
NCL รูดติดฟลอร์ หวั่น Q3 เสี่ยงขาดทุน,<SYMBOL> NCL <ASPECT> Q3 <OPINION> หวั่น <NEG>
NCL รูดติดฟลอร์ หวั่น Q3 เสี่ยงขาดทุน,<SYMBOL> NCL <ASPECT> ขาดทุน <OPINION> เสี่ยง <NEG>
DELTA วิ่งต่อ 2% รับกำไร Q3 โตแตะ 5.4 พันล้าน ดันงวด 9 เดือนทะลุ 1.1 หมื่นล้าน,<SYMBOL> DELTA <OPINION> วิ่งต่อ <POS>
DELTA วิ่งต่อ 2% รับกำไร Q3 โตแตะ 5.4 พันล้าน ดันงวด 9 เดือนทะลุ 1.1 หมื่นล้าน,<SYMBOL> DELTA <ASPECT> กำไร <OPINION> โตแตะ <POS>
DELTA วิ่งต่อ 2% รับกำไร Q3 โตแตะ 5.4 พันล้าน ดันงวด 9 เดือนทะลุ 1.1 หมื่นล้าน,<SYMBOL> DELTA <ASPECT> กำไร <OPINION> ดันงวด <POS>
DELTA วิ่งต่อ 2% รับกำไร Q3 โตแตะ 5.4 พันล้าน ดันงวด 9 เดือนทะลุ 1.1 หมื่นล้าน,<SYMBOL> DELTA <ASPECT> กำไร <OPINION> ทะลุ <POS>
DSI ล้างบาง “นายทุน” หมูเถื่อน CPF-BTG ลุ้นเด้ง รับ Q4 ฟื้นโดดเด่น,<SYMBOL> CPF <OPINION> ลุ้นเด้ง <POS>
DSI ล้างบาง “นายทุน” หมูเถื่อน CPF-BTG ลุ้นเด้ง รับ Q4 ฟื้นโดดเด่น,<SYMBOL> BTG <OPINION> ลุ้นเด้ง <POS>
DSI ล้างบาง “นายทุน” หมูเถื่อน CPF-BTG ลุ้นเด้ง รับ Q4 ฟื้นโดดเด่น,<SYMBOL> CPF <ASPECT> Q4 <OPINION> ฟื้นโดดเด่น <POS>
DSI ล้างบาง “นายทุน” หมูเถื่อน CPF-BTG ลุ้นเด้ง รับ Q4 ฟื้นโดดเด่น,<SYMBOL> BTG <ASPECT> Q4 <OPINION> ฟื้นโดดเด่น <POS>
ORN เทรดวันแรก ลุ้นวิ่งเป้า 2.20 บาท มั่นใจพื้นฐานแกร่ง,<SYMBOL> ORN <OPINION> ลุ้นวิ่ง <POS>
ORN เทรดวันแรก ลุ้นวิ่งเป้า 2.20 บาท มั่นใจพื้นฐานแกร่ง,<SYMBOL> ORN <ASPECT> พื้นฐาน <OPINION> มั่นใจ <POS>
ORN เทรดวันแรก ลุ้นวิ่งเป้า 2.20 บาท มั่นใจพื้นฐานแกร่ง,<SYMBOL> ORN <ASPECT> พื้นฐาน <OPINION> แกร่ง <POS>
BBL รายได้ดอกเบี้ยเพิ่มโดดเด่น,<SYMBOL> BBL <ASPECT> รายได้ <OPINION> เพิ่มโดดเด่น <POS>
โบรกเชียร์ “ซื้อ” PLANB ชูเป้า 10.70 บ. ลุ้นกำไร Q3 แตะ 240 ล้าน รับโฆษณานอกบ้านหนุน,<SYMBOL> PLANB <ASPECT> โบรกเชียร์ <OPINION> ซื้อ <POS>
โบรกเชียร์ “ซื้อ” PLANB ชูเป้า 10.70 บ. ลุ้นกำไร Q3 แตะ 240 ล้าน รับโฆษณานอกบ้านหนุน,<SYMBOL> PLANB <ASPECT> กำไร <OPINION> ลุ้น <POS>
โบรกเชียร์ “ซื้อ” PLANB ชูเป้า 10.70 บ. ลุ้นกำไร Q3 แตะ 240 ล้าน รับโฆษณานอกบ้านหนุน,<SYMBOL> PLANB <ASPECT> โฆษณา <OPINION> หนุน <POS>
MCA แย้ม Q4 โตเด่น บุ๊กรายได้ “เป๊ปซี่-โคล่า” จ่อปิดดีลผลิตภัณฑ์ “ดาวนี่” พ.ย.นี้,<SYMBOL> MCA <OPINION> แย้ม <POS>
MCA แย้ม Q4 โตเด่น บุ๊กรายได้ “เป๊ปซี่-โคล่า” จ่อปิดดีลผลิตภัณฑ์ “ดาวนี่” พ.ย.นี้,<SYMBOL> MCA <OPINION> โตเด่น <POS>
MCA แย้ม Q4 โตเด่น บุ๊กรายได้ “เป๊ปซี่-โคล่า” จ่อปิดดีลผลิตภัณฑ์ “ดาวนี่” พ.ย.นี้,<SYMBOL> MCA <ASPECT> บุ๊ก <OPINION> รายได้ <POS>
DELTA รายได้ขายพุ่ง ดันกำไร Q3 โต 32% เฉียด 5.5 พันล้าน,<SYMBOL> DELTA <ASPECT> รายได้ <OPINION> พุ่ง <POS>
DELTA รายได้ขายพุ่ง ดันกำไร Q3 โต 32% เฉียด 5.5 พันล้าน,<SYMBOL> DELTA <ASPECT> กำไร <OPINION> ดัน <POS>
DELTA รายได้ขายพุ่ง ดันกำไร Q3 โต 32% เฉียด 5.5 พันล้าน,<SYMBOL> DELTA <ASPECT> กำไร <OPINION> โต <POS>
DELTA รายได้ขายพุ่ง ดันกำไร Q3 โต 32% เฉียด 5.5 พันล้าน,<SYMBOL> DELTA <ASPECT> กำไร <OPINION> เฉียด <POS>
สรุปกระดานรายใหญ่วันนี้ HANA มูลค่าสูงสุด 568 ล้านบาท,<SYMBOL> HANA <ASPECT> มูลค่า <OPINION> สูงสุด <NEU>
สรุป SET100 วันนี้ TQM บวกสูงสุด 7%,<SYMBOL> TQM <OPINION> บวกสูงสุด <POS>
ORN มั่นใจเทรด 30 ต.ค. กระแสดี โชว์พื้นฐานแกร่ง ขยายลงทุนอสังหาทั่วประเทศ,<SYMBOL> ORN <ASPECT> เทรด <OPINION> มั่นใจ <POS>
ORN มั่นใจเทรด 30 ต.ค. กระแสดี โชว์พื้นฐานแกร่ง ขยายลงทุนอสังหาทั่วประเทศ,<SYMBOL> ORN <ASPECT> กระแส <OPINION> ดี <POS>
ORN มั่นใจเทรด 30 ต.ค. กระแสดี โชว์พื้นฐานแกร่ง ขยายลงทุนอสังหาทั่วประเทศ,<SYMBOL> ORN <ASPECT> พื้นฐาน <OPINION> โชว์ <POS>
ORN มั่นใจเทรด 30 ต.ค. กระแสดี โชว์พื้นฐานแกร่ง ขยายลงทุนอสังหาทั่วประเทศ,<SYMBOL> ORN <ASPECT> พื้นฐาน <OPINION> แกร่ง <POS>
ORN มั่นใจเทรด 30 ต.ค. กระแสดี โชว์พื้นฐานแกร่ง ขยายลงทุนอสังหาทั่วประเทศ,<SYMBOL> ORN <ASPECT> ลงทุน <OPINION> ขยาย <POS>
PTTEP ยอดขายเพิ่ม หนุนกำไร 9 เดือนโต 6% แตะ 5.8 หมื่นล้าน,<SYMBOL> PTTEP <ASPECT> ยอดขาย <OPINION> เพิ่ม <POS>
PTTEP ยอดขายเพิ่ม หนุนกำไร 9 เดือนโต 6% แตะ 5.8 หมื่นล้าน,<SYMBOL> PTTEP <ASPECT> กำไร <OPINION> หนุน <POS>
PTTEP ยอดขายเพิ่ม หนุนกำไร 9 เดือนโต 6% แตะ 5.8 หมื่นล้าน,<SYMBOL> PTTEP <ASPECT> กำไร <OPINION> โต <POS>
PTTEP ยอดขายเพิ่ม หนุนกำไร 9 เดือนโต 6% แตะ 5.8 หมื่นล้าน,<SYMBOL> PTTEP <ASPECT> กำไร <OPINION> แตะ <POS>
MINT ลุ้นกำไรไตรมาส 3 นิวไฮแตะ 2.2 พันล้านบาท โบรกแนะซื้อเป้า 43 บาท,<SYMBOL> MINT <ASPECT> กำไร <OPINION> ลุ้น <POS>
MINT ลุ้นกำไรไตรมาส 3 นิวไฮแตะ 2.2 พันล้านบาท โบรกแนะซื้อเป้า 43 บาท,<SYMBOL> MINT <ASPECT> กำไร <OPINION> นิวไฮ <POS>
MINT ลุ้นกำไรไตรมาส 3 นิวไฮแตะ 2.2 พันล้านบาท โบรกแนะซื้อเป้า 43 บาท,<SYMBOL> MINT <ASPECT> โบรกแนะ <OPINION> ซื้อ <POS>
สรุปกระดานรายใหญ่เช้านี้ PTT มูลค่าสูงสุด 163 ล้านบาท,<SYMBOL> PTT <ASPECT> มูลค่า <OPINION> สูงสุด <NEU>
สรุป SET100 เช้านี้ KCE บวกสูงสุด 3%,<SYMBOL> KCE <OPINION> บวกสูงสุด <POS>
MOSHI เด้ง 4% ลุ้นกำไร Q3 โตเด่น 66% โบรกแนะซื้อเป้า 60 บาท อัพไซด์ 22%,<SYMBOL> MOSHI <OPINION> เด้ง <POS>
MOSHI เด้ง 4% ลุ้นกำไร Q3 โตเด่น 66% โบรกแนะซื้อเป้า 60 บาท อัพไซด์ 22%,<SYMBOL> MOSHI <ASPECT> กำไร <OPINION> ลุ้น <POS>
MOSHI เด้ง 4% ลุ้นกำไร Q3 โตเด่น 66% โบรกแนะซื้อเป้า 60 บาท อัพไซด์ 22%,<SYMBOL> MOSHI <ASPECT> กำไร <OPINION> โตเด่น <POS>
MOSHI เด้ง 4% ลุ้นกำไร Q3 โตเด่น 66% โบรกแนะซื้อเป้า 60 บาท อัพไซด์ 22%,<SYMBOL> MOSHI <ASPECT> โบรกแนะ <OPINION> ซื้อ <POS>
KAMART ดีดบวก 3% เก็ง Q3 โตต่อ มั่นใจปีนี้รายได้เข้าเป้า 2.4 พันล้าน,<SYMBOL> KAMART <OPINION> ดีดบวก <POS>
KAMART ดีดบวก 3% เก็ง Q3 โตต่อ มั่นใจปีนี้รายได้เข้าเป้า 2.4 พันล้าน,<SYMBOL> KAMART <OPINION> โตต่อ <POS>
KAMART ดีดบวก 3% เก็ง Q3 โตต่อ มั่นใจปีนี้รายได้เข้าเป้า 2.4 พันล้าน,<SYMBOL> KAMART <ASPECT> รายได้ <OPINION> มั่นใจ <POS>
KAMART ดีดบวก 3% เก็ง Q3 โตต่อ มั่นใจปีนี้รายได้เข้าเป้า 2.4 พันล้าน,<SYMBOL> KAMART <ASPECT> รายได้ <OPINION> เข้าเป้า <POS>
PJW ลุยเจาะตลาด “อาเซียน” ตั้งเป้ายอดขายปี 67 โต 15%,<SYMBOL> PJW <ASPECT> เจาะตลาด <OPINION> ลุย <POS>
PJW ลุยเจาะตลาด “อาเซียน” ตั้งเป้ายอดขายปี 67 โต 15%,<SYMBOL> PJW <ASPECT> ยอดขาย <OPINION> โต <POS>
PSP รูด 30% “ฟลอร์ 2” ลงต่ำกว่าราคาไอพีโอ,<SYMBOL> PSP <ASPECT> ฟลอร์ <OPINION> รูด <NEG>
PSP รูด 30% “ฟลอร์ 2” ลงต่ำกว่าราคาไอพีโอ,<SYMBOL> PSP <ASPECT> ราคา <OPINION> ลงต่ำ <NEG>
MST รายได้ดอกเบี้ยเพิ่ม ดันกำไร Q3 แตะ 120 ล้าน,<SYMBOL> MST <ASPECT> รายได้ <OPINION> เพิ่ม <POS>
MST รายได้ดอกเบี้ยเพิ่ม ดันกำไร Q3 แตะ 120 ล้าน,<SYMBOL> MST <ASPECT> กำไร <OPINION> ดัน <POS>
SCC กำไร Q3 เหลือ 2.4 พันล้าน เหตุธุรกิจ “เคมิคอลส์-แพกเกจจิ้ง” รายได้หด!,<SYMBOL> SCC <ASPECT> กำไร <OPINION> เหลือ <NEG>
SCC กำไร Q3 เหลือ 2.4 พันล้าน เหตุธุรกิจ “เคมิคอลส์-แพกเกจจิ้ง” รายได้หด!,<SYMBOL> SCC <ASPECT> รายได้ <OPINION> หด <NEG>
COTTO รายได้ขายกระเบื้องพุ่ง ดันกำไร Q3 โต 55% แตะ 210 ล้าน,<SYMBOL> COTTO <ASPECT> รายได้ <OPINION> พุ่ง <POS>
COTTO รายได้ขายกระเบื้องพุ่ง ดันกำไร Q3 โต 55% แตะ 210 ล้าน,<SYMBOL> COTTO <ASPECT> กำไร <OPINION> ดัน <POS>
COTTO รายได้ขายกระเบื้องพุ่ง ดันกำไร Q3 โต 55% แตะ 210 ล้าน,<SYMBOL> COTTO <ASPECT> กำไร <OPINION> โต <POS>
สรุปกระดานรายใหญ่วันนี้ RS มูลค่าสูงสุด 135 ล้านบาท,<SYMBOL> RS <ASPECT> มูลค่า <OPINION> สูงสุด <NEU>
สรุป SET100 วันนี้ BTS บวกสูงสุด 1%,<SYMBOL> BTS <OPINION> บวกสูงสุด <POS>
MCA ปิดเทรดวันแรก 2.04 บาท ต่ำจอง 38% ซื้อขายกว่าพันล้าน,<SYMBOL> MCA <ASPECT> จอง <OPINION> ต่ำ <NEG>
SABUY โชว์การเงินแกร่ง หลังควัก 1.3 พันล้าน “จ่ายหนี้แบงก์-ลงทุนบิทคับ-ตู้เวนดิ้ง”,<SYMBOL> SABUY <ASPECT> การเงิน <OPINION> โชว์ <POS>
SABUY โชว์การเงินแกร่ง หลังควัก 1.3 พันล้าน “จ่ายหนี้แบงก์-ลงทุนบิทคับ-ตู้เวนดิ้ง”,<SYMBOL> SABUY <ASPECT> การเงิน <OPINION> แกร่ง <POS>
GFC ย้ำรายได้ Q3 โตเด่น ดันทั้งปีทะยาน 30% ตามเป้า,<SYMBOL> GFC <ASPECT> รายได้ <OPINION> ย้ำ <POS>
GFC ย้ำรายได้ Q3 โตเด่น ดันทั้งปีทะยาน 30% ตามเป้า,<SYMBOL> GFC <ASPECT> รายได้ <OPINION> โตเด่น <POS>
GFC ย้ำรายได้ Q3 โตเด่น ดันทั้งปีทะยาน 30% ตามเป้า,<SYMBOL> GFC <ASPECT> รายได้ <OPINION> ดัน <POS>
GFC ย้ำรายได้ Q3 โตเด่น ดันทั้งปีทะยาน 30% ตามเป้า,<SYMBOL> GFC <ASPECT> รายได้ <OPINION> ทะยาน <POS>
GFC ย้ำรายได้ Q3 โตเด่น ดันทั้งปีทะยาน 30% ตามเป้า,<SYMBOL> GFC <ASPECT> รายได้ <OPINION> ตามเป้า <POS>
BLC ไตรมาส 3 สดใส รับดีมานด์ยาพุ่ง ลุ้นกำไรปี 66 โต 12%,<SYMBOL> BLC <OPINION> สดใส <POS>
BLC ไตรมาส 3 สดใส รับดีมานด์ยาพุ่ง ลุ้นกำไรปี 66 โต 12%,<SYMBOL> BLC <ASPECT> ดีมานด์ <OPINION> พุ่ง <POS>
BLC ไตรมาส 3 สดใส รับดีมานด์ยาพุ่ง ลุ้นกำไรปี 66 โต 12%,<SYMBOL> BLC <ASPECT> กำไร <OPINION> ลุ้น <POS>
BLC ไตรมาส 3 สดใส รับดีมานด์ยาพุ่ง ลุ้นกำไรปี 66 โต 12%,<SYMBOL> BLC <ASPECT> กำไร <OPINION> โต <POS>
BH โบรกแนะซื้อเป้า 300 บาท ลุ้นกำไรไตรมาส 3/66 “นิวไฮ” 2 พันล้านบาท,<SYMBOL> BH <ASPECT> โบรกแนะ <OPINION> ซื้อ <POS>
BH โบรกแนะซื้อเป้า 300 บาท ลุ้นกำไรไตรมาส 3/66 “นิวไฮ” 2 พันล้านบาท,<SYMBOL> BH <ASPECT> กำไร <OPINION> ลุ้น <POS>
BH โบรกแนะซื้อเป้า 300 บาท ลุ้นกำไรไตรมาส 3/66 “นิวไฮ” 2 พันล้านบาท,<SYMBOL> BH <ASPECT> กำไร <OPINION> นิวไฮ <POS>
BA ลุ้นกำไรไตรมาส 3/66 โต 5 เท่าตัว จับตาดันทั้งปี “ออลไทม์ไฮ”,<SYMBOL> BA <ASPECT> กำไร <OPINION> ลุ้น <POS>
BA ลุ้นกำไรไตรมาส 3/66 โต 5 เท่าตัว จับตาดันทั้งปี “ออลไทม์ไฮ”,<SYMBOL> BA <ASPECT> กำไร <OPINION> โต <POS>
BA ลุ้นกำไรไตรมาส 3/66 โต 5 เท่าตัว จับตาดันทั้งปี “ออลไทม์ไฮ”,<SYMBOL> BA <ASPECT> กำไร <OPINION> เท่าตัว <POS>
BA ลุ้นกำไรไตรมาส 3/66 โต 5 เท่าตัว จับตาดันทั้งปี “ออลไทม์ไฮ”,<SYMBOL> BA <ASPECT> กำไร <OPINION> จับตาดัน <POS>
BA ลุ้นกำไรไตรมาส 3/66 โต 5 เท่าตัว จับตาดันทั้งปี “ออลไทม์ไฮ”,<SYMBOL> BA <ASPECT> กำไร <OPINION> ออลไทม์ไฮ <POS>
สรุปกระดานรายใหญ่เช้านี้ MCA มูลค่าสูงสุด 38 ล้านบาท,<SYMBOL> MAC <ASPECT> มูลค่า <OPINION> สูงสุด <NEU>
JAS-JASIF ร่วง! หลังบอร์ด “กสทช.” เลื่อนเคาะดีลควบ “3BB-AIS” 10 พ.ย.นี้,<SYMBOL> JAS <OPINION> ร่วง <NEG>
JAS-JASIF ร่วง! หลังบอร์ด “กสทช.” เลื่อนเคาะดีลควบ “3BB-AIS” 10 พ.ย.นี้,<SYMBOL> JASIF <OPINION> ร่วง <NEG>
JAS-JASIF ร่วง! หลังบอร์ด “กสทช.” เลื่อนเคาะดีลควบ “3BB-AIS” 10 พ.ย.นี้,<SYMBOL> JAS <ASPECT> บอร์ด <OPINION> เลื่อน <NEG>
JAS-JASIF ร่วง! หลังบอร์ด “กสทช.” เลื่อนเคาะดีลควบ “3BB-AIS” 10 พ.ย.นี้,<SYMBOL> JASIF <ASPECT> บอร์ด <OPINION> เลื่อน <NEG>
สรุป SET100 เช้านี้ TASCO บวกสูงสุด 2%,<SYMBOL> TASCO <OPINION> บวกสูงสุด <POS>
"JPARK ดีดบวก 2% จับตารายได้ครึ่งปีหลังเด่น ลุยขยายเพิ่ม 1,000 ช่องจอด",<SYMBOL> JPARK <OPINION> ดีดบวก <POS>
"JPARK ดีดบวก 2% จับตารายได้ครึ่งปีหลังเด่น ลุยขยายเพิ่ม 1,000 ช่องจอด",<SYMBOL> JPARK <ASPECT> รายได้ <OPINION> จับตา <POS>
"JPARK ดีดบวก 2% จับตารายได้ครึ่งปีหลังเด่น ลุยขยายเพิ่ม 1,000 ช่องจอด",<SYMBOL> JPARK <ASPECT> รายได้ <OPINION> เด่น <POS>
"JPARK ดีดบวก 2% จับตารายได้ครึ่งปีหลังเด่น ลุยขยายเพิ่ม 1,000 ช่องจอด",<SYMBOL> JPARK <ASPECT> ช่องจอด <OPINION> ลุยขยายเพิ่ม <POS>
MCA เปิดเทรดวันแรก 3 บาท ต่ำจอง 9% ซื้อขายกว่า 150 ล้านบาท,<SYMBOL> MCA <ASPECT> จอง <OPINION> ต่ำ <NEG>
MCA เสี่ยงเปิดต่ำจอง Pre Open 5 นาทีแตะ 3 บาท,<SYMBOL> MCA <ASPECT> เปิดต่ำจอง <OPINION> เสี่ยง <NEG>
สรุปกระดานรายใหญ่วันนี้ HANA มูลค่าสูงสุด 1.85 พันล้าน,<SYMBOL> HANA <ASPECT> มูลค่า <OPINION> สูงสุด <NEU>
สรุป SET100 วันนี้ PTTGC บวกสูงสุด 5%,<SYMBOL> PTTGC <OPINION> บวกสูงสุด <POS>
KCE ดีด 3% ลุ้นไตรมาส 3 โกยกำไรทะลุ 400 ล้านบาท,<SYMBOL> KCE <OPINION> ดีด <POS>
KCE ดีด 3% ลุ้นไตรมาส 3 โกยกำไรทะลุ 400 ล้านบาท,<SYMBOL> KCE <ASPECT> กำไร <OPINION> โกย <POS>
SCGP ผ่านจุดต่ำสุด ลุ้น Q4 โตดี พ่วงอานิสงส์แผนกระตุ้นศก.จีนรอบใหม่ แนะซื้อเป้า 42 บ.,<SYMBOL> SCGP <ASPECT> จุดต่ำสุด <OPINION> ผ่าน <POS>
SCGP ผ่านจุดต่ำสุด ลุ้น Q4 โตดี พ่วงอานิสงส์แผนกระตุ้นศก.จีนรอบใหม่ แนะซื้อเป้า 42 บ.,<SYMBOL> SCGP <ASPECT> Q4 <OPINION> ลุ้น <POS>
SCGP ผ่านจุดต่ำสุด ลุ้น Q4 โตดี พ่วงอานิสงส์แผนกระตุ้นศก.จีนรอบใหม่ แนะซื้อเป้า 42 บ.,<SYMBOL> SCGP <ASPECT> Q4 <OPINION> โตดี <POS>
SCGP ผ่านจุดต่ำสุด ลุ้น Q4 โตดี พ่วงอานิสงส์แผนกระตุ้นศก.จีนรอบใหม่ แนะซื้อเป้า 42 บ.,<SYMBOL> SCGP <ASPECT> แผน <OPINION> กระตุ้น <POS>
SCGP ผ่านจุดต่ำสุด ลุ้น Q4 โตดี พ่วงอานิสงส์แผนกระตุ้นศก.จีนรอบใหม่ แนะซื้อเป้า 42 บ.,<SYMBOL> SCGP <ASPECT> แนะ <OPINION> ซื้อ <POS>
AP โบรกชี้กำไร Q3 โตเด่น 19% แตะ 1.7 พันล้าน พ่วงแบ็กล็อกแน่น 1.5 หมื่นล้าน,<SYMBOL> AP <ASPECT> โบรกชี้ <OPINION> กำไร <POS>
AP โบรกชี้กำไร Q3 โตเด่น 19% แตะ 1.7 พันล้าน พ่วงแบ็กล็อกแน่น 1.5 หมื่นล้าน,<SYMBOL> AP <ASPECT> กำไร <OPINION> โตเด่น <POS>
AP โบรกชี้กำไร Q3 โตเด่น 19% แตะ 1.7 พันล้าน พ่วงแบ็กล็อกแน่น 1.5 หมื่นล้าน,<SYMBOL> AP <ASPECT> กำไร <OPINION> แตะ <POS>
AP โบรกชี้กำไร Q3 โตเด่น 19% แตะ 1.7 พันล้าน พ่วงแบ็กล็อกแน่น 1.5 หมื่นล้าน,<SYMBOL> AP <ASPECT> แบ็กล็อก <OPINION> แน่น <POS>
MTC ขายหุ้นกู้ 3 พันล้าน เกลี้ยง! นักลงทุนเชื่อมั่นธุรกิจ “ทริส” ชูเรทติ้ง BBB+,<SYMBOL> MTC <ASPECT> ขายหุ้นกู้ <OPINION> เกลี้ยง <POS>
MTC ขายหุ้นกู้ 3 พันล้าน เกลี้ยง! นักลงทุนเชื่อมั่นธุรกิจ “ทริส” ชูเรทติ้ง BBB+,<SYMBOL> MTC <ASPECT> นักลงทุน <OPINION> เชื่อมั่น <POS>
SJWD ดีดบวก 4% โบรกชี้ผ่านจุดต่ำสุด ลุ้นกำไรปกติปีนี้แตะ 803 ล้าน,<SYMBOL> SJWD <OPINION> ดีดบวก <POS>
SJWD ดีดบวก 4% โบรกชี้ผ่านจุดต่ำสุด ลุ้นกำไรปกติปีนี้แตะ 803 ล้าน,<SYMBOL> SJWD <ASPECT> จุดต่ำสุด <OPINION> ผ่าน <POS>
SJWD ดีดบวก 4% โบรกชี้ผ่านจุดต่ำสุด ลุ้นกำไรปกติปีนี้แตะ 803 ล้าน,<SYMBOL> SJWD <ASPECT> กำไร <OPINION> ปกติ <NEU>
TAN มั่นใจผลงาน Q3 โตเกิน 10% ดันรายได้ทั้งปีทะลุ 1.5 พันล้าน,<SYMBOL> TAN <ASPECT> ผลงาน <OPINION> มั่นใจ <POS>
TAN มั่นใจผลงาน Q3 โตเกิน 10% ดันรายได้ทั้งปีทะลุ 1.5 พันล้าน,<SYMBOL> TAN <ASPECT> ผลงาน <OPINION> โตเกิน <POS>
TAN มั่นใจผลงาน Q3 โตเกิน 10% ดันรายได้ทั้งปีทะลุ 1.5 พันล้าน,<SYMBOL> TAN <ASPECT> รายได้ <OPINION> ดัน <POS>
TAN มั่นใจผลงาน Q3 โตเกิน 10% ดันรายได้ทั้งปีทะลุ 1.5 พันล้าน,<SYMBOL> TAN <ASPECT> รายได้ <OPINION> ทะลุ <POS>
SCGP รายได้ขายลด กดกำไร Q3 เหลือ 1.32 พันล้าน,<SYMBOL> SCGP <ASPECT> รายได้ <OPINION> ลด <NEG>
SCGP รายได้ขายลด กดกำไร Q3 เหลือ 1.32 พันล้าน,<SYMBOL> SCGP <ASPECT> กำไร <OPINION> กด <NEG>
MAJOR จับตากำไร Q4 ทะลุ 300 ล้าน อานิสงส์หนัง “สัปปะเหร่อ” โกยรายได้สูงเกินคาด,<SYMBOL> MAJOR <ASPECT> กำไร <OPINION> จับตา <POS>
MAJOR จับตากำไร Q4 ทะลุ 300 ล้าน อานิสงส์หนัง “สัปปะเหร่อ” โกยรายได้สูงเกินคาด,<SYMBOL> MAJOR <ASPECT> หนัง <OPINION> อานิสงส์ <POS>
MAJOR จับตากำไร Q4 ทะลุ 300 ล้าน อานิสงส์หนัง “สัปปะเหร่อ” โกยรายได้สูงเกินคาด,<SYMBOL> MAJOR <ASPECT> รายได้ <OPINION> โกย <POS>
MAJOR จับตากำไร Q4 ทะลุ 300 ล้าน อานิสงส์หนัง “สัปปะเหร่อ” โกยรายได้สูงเกินคาด,<SYMBOL> MAJOR <ASPECT> รายได้ <OPINION> สูงเกินคาด <POS>
TRP ปลื้ม! เทรดวันแรกทะยาน 18% ย้ำรายได้ Q4 โตรับลูกค้าเพิ่ม,<SYMBOL> TRP <ASPECT> เทรด <OPINION> ทะยาน <POS>
TRP ปลื้ม! เทรดวันแรกทะยาน 18% ย้ำรายได้ Q4 โตรับลูกค้าเพิ่ม,<SYMBOL> TRP <ASPECT> รายได้ <OPINION> โต <POS>
TRP ปลื้ม! เทรดวันแรกทะยาน 18% ย้ำรายได้ Q4 โตรับลูกค้าเพิ่ม,<SYMBOL> TRP <ASPECT> ลูกค้า <OPINION> เพิ่ม <POS>
ORN ขายไอพีโอเกลี้ยง 406.5 ล้านหุ้น ตอกย้ำพื้นฐานแกร่ง,<SYMBOL> ORN <ASPECT> ขาย <OPINION> เกลี้ยง <POS>
ORN ขายไอพีโอเกลี้ยง 406.5 ล้านหุ้น ตอกย้ำพื้นฐานแกร่ง,<SYMBOL> ORN <ASPECT> พื้นฐาน <OPINION> ตอกย้ำ <POS>
ORN ขายไอพีโอเกลี้ยง 406.5 ล้านหุ้น ตอกย้ำพื้นฐานแกร่ง,<SYMBOL> ORN <ASPECT> พื้นฐาน <OPINION> แกร่ง <POS>
SAWAD ดีด 3% โบรกชี้กำไร Q3 แตะ 1.5 พันล้าน อานิสงส์รายได้ “เงินสดทันใจ” หนุน,<SYMBOL> SAWAD <OPINION> ดีด <POS>
SAWAD ดีด 3% โบรกชี้กำไร Q3 แตะ 1.5 พันล้าน อานิสงส์รายได้ “เงินสดทันใจ” หนุน,<SYMBOL> SAWAD <ASPECT> กำไร <OPINION> แตะ <POS>
SAWAD ดีด 3% โบรกชี้กำไร Q3 แตะ 1.5 พันล้าน อานิสงส์รายได้ “เงินสดทันใจ” หนุน,<SYMBOL> SAWAD <ASPECT> รายได้ <OPINION> หนุน <POS>
OSP ดีด 6% โบรกแนะ “ซื้อ” เป้า 35 บ. ลุ้นกำไร Q3 ทะลุ 400 ล้าน,<SYMBOL> ORP <OPINION> ดีด <POS>
OSP ดีด 6% โบรกแนะ “ซื้อ” เป้า 35 บ. ลุ้นกำไร Q3 ทะลุ 400 ล้าน,<SYMBOL> ORP <ASPECT> โบรกแนะ <OPINION> ซื้อ <POS>
OSP ดีด 6% โบรกแนะ “ซื้อ” เป้า 35 บ. ลุ้นกำไร Q3 ทะลุ 400 ล้าน,<SYMBOL> ORP <ASPECT> กำไร <OPINION> ลุ้น <POS>
OSP ดีด 6% โบรกแนะ “ซื้อ” เป้า 35 บ. ลุ้นกำไร Q3 ทะลุ 400 ล้าน,<SYMBOL> ORP <ASPECT> กำไร <OPINION> ทะลุ <POS>
RS ลุ้นรายได้ Q3 ทะลุพันล้าน โบรกแนะ “ทยอยซื้อ” เป้า 15.10 บาท,<SYMBOL> RS <ASPECT> รายได้ <OPINION> ลุ้น <POS>
RS ลุ้นรายได้ Q3 ทะลุพันล้าน โบรกแนะ “ทยอยซื้อ” เป้า 15.10 บาท,<SYMBOL> RS <ASPECT> รายได้ <OPINION> ทะลุ <POS>
RS ลุ้นรายได้ Q3 ทะลุพันล้าน โบรกแนะ “ทยอยซื้อ” เป้า 15.10 บาท,<SYMBOL> RS <ASPECT> โบรกแนะ <OPINION> ทยอยซื้อ <NEU>
NER ยันเป้าขายปีนี้ 5 แสนตัน รับดีมานด์ “จีน” ฟื้นแกร่ง,<SYMBOL> NER <ASPECT> เป้าขาย <OPINION> ยัน <POS>
NER ยันเป้าขายปีนี้ 5 แสนตัน รับดีมานด์ “จีน” ฟื้นแกร่ง,<SYMBOL> NER <ASPECT> ดีมานด์ <OPINION> ฟื้นแกร่ง <POS>
TRP เปิดเทรดวันแรก 16.50 บ. เหนือจอง 18% ซื้อขายทะลุ 343 ล้านบาท,<SYMBOL> TRP <ASPECT> จอง <OPINION> เหนือ <POS>
TRP เปิดเทรดวันแรก 16.50 บ. เหนือจอง 18% ซื้อขายทะลุ 343 ล้านบาท,<SYMBOL> TRP <ASPECT> ซื้อขาย <OPINION> ทะลุ <POS>
TRP ฟอร์มสวย! Pre Open 5 นาที แตะ 15.20 บ. เหนือจอง 8%,<SYMBOL> TRP <ASPECT> Pre Open <OPINION> ฟอร์มสวย <POS>
TRP ฟอร์มสวย! Pre Open 5 นาที แตะ 15.20 บ. เหนือจอง 8%,<SYMBOL> TRP <OPINION> เหนือจอง <POS>
TRP เทรดวันแรก ลุ้นวิ่งเป้า 26 บ. ชูกำไรปี 66-67 โตเฉลี่ย 48%,<SYMBOL> TRP <ASPECT> เป้า <OPINION> ลุ้นวิ่ง <POS>
TRP เทรดวันแรก ลุ้นวิ่งเป้า 26 บ. ชูกำไรปี 66-67 โตเฉลี่ย 48%,<SYMBOL> TRP <ASPECT> กำไร <OPINION> โต <POS>
โบรกเชียร์ซื้อ TTB เป้าสูง 1.98 บ. หลังกำไร Q3 โตเกินคาด ชี้ปีนี้ทะลุ 1.7 หมื่นล้าน,<SYMBOL> TTB <ASPECT> โบรกเชียร์ <OPINION> ซื้อ <POS>
โบรกเชียร์ซื้อ TTB เป้าสูง 1.98 บ. หลังกำไร Q3 โตเกินคาด ชี้ปีนี้ทะลุ 1.7 หมื่นล้าน,<SYMBOL> TTB <ASPECT> เป้า <OPINION> สูง <POS>
โบรกเชียร์ซื้อ TTB เป้าสูง 1.98 บ. หลังกำไร Q3 โตเกินคาด ชี้ปีนี้ทะลุ 1.7 หมื่นล้าน,<SYMBOL> TTB <ASPECT> กำไร <OPINION> โตเกินคาด <POS>
โบรกเชียร์ซื้อ TTB เป้าสูง 1.98 บ. หลังกำไร Q3 โตเกินคาด ชี้ปีนี้ทะลุ 1.7 หมื่นล้าน,<SYMBOL> TTB <ASPECT> กำไร <OPINION> ทะลุ <POS>
3 โบรกเชียร์ “ซื้อ” BBL เป้าสูง 205 บาท หลังกำไร Q3 โตตามคาด ลุ้นปีนี้ 4.1 หมื่นล้าน,<SYMBOL> BBL <ASPECT> โบรกเชียร์ <OPINION> ซื้อ <POS>
3 โบรกเชียร์ “ซื้อ” BBL เป้าสูง 205 บาท หลังกำไร Q3 โตตามคาด ลุ้นปีนี้ 4.1 หมื่นล้าน,<SYMBOL> BBL <ASPECT> เป้า <OPINION> สูง <POS>
3 โบรกเชียร์ “ซื้อ” BBL เป้าสูง 205 บาท หลังกำไร Q3 โตตามคาด ลุ้นปีนี้ 4.1 หมื่นล้าน,<SYMBOL> BBL <ASPECT> กำไร <OPINION> โตตามคาด <POS>
KKP ตั้งสำรองเพิ่ม-ค่าใช้จ่ายพุ่ง ฉุดกำไร Q3 ลดลง 39% เหลือ 1.28 พันล้าน,<SYMBOL> KKP <ASPECT> สำรอง <OPINION> เพิ่ม <NEG>
KKP ตั้งสำรองเพิ่ม-ค่าใช้จ่ายพุ่ง ฉุดกำไร Q3 ลดลง 39% เหลือ 1.28 พันล้าน,<SYMBOL> KKP <ASPECT> ค่าใช้จ่าย <OPINION> พุ่ง <NEG>
KKP ตั้งสำรองเพิ่ม-ค่าใช้จ่ายพุ่ง ฉุดกำไร Q3 ลดลง 39% เหลือ 1.28 พันล้าน,<SYMBOL> KKP <ASPECT> กำไร <OPINION> ฉุด <NEG>
KKP ตั้งสำรองเพิ่ม-ค่าใช้จ่ายพุ่ง ฉุดกำไร Q3 ลดลง 39% เหลือ 1.28 พันล้าน,<SYMBOL> KKP <ASPECT> กำไร <OPINION> ลดลง <NEG>
MGC มั่นใจ Q4 พีกสุด! จ่อส่งมอบรถ 800 คัน ดันรายได้ปีนี้โตเข้าเป้า 10%,<SYMBOL> MGC <ASPECT> Q4 <OPINION> มั่นใจ <POS>
MGC มั่นใจ Q4 พีกสุด! จ่อส่งมอบรถ 800 คัน ดันรายได้ปีนี้โตเข้าเป้า 10%,<SYMBOL> MGC <ASPECT> รายได้ <OPINION> โตเข้าเป้า <POS>
SCB โชว์กำไร 9 เดือนแรกโต 7% ทะลุ 3.3 หมื่นล้าน รับรายได้ดอกเบี้ยพุ่ง,<SYMBOL> SCB <ASPECT> กำไร <OPINION> โต <POS>
SCB โชว์กำไร 9 เดือนแรกโต 7% ทะลุ 3.3 หมื่นล้าน รับรายได้ดอกเบี้ยพุ่ง,<SYMBOL> SCB <ASPECT> กำไร <OPINION> ทะลุ <POS>
SCB โชว์กำไร 9 เดือนแรกโต 7% ทะลุ 3.3 หมื่นล้าน รับรายได้ดอกเบี้ยพุ่ง,<SYMBOL> SCB <ASPECT> รายได้ <OPINION> พุ่ง <POS>
